simulacion,n,hostname,procesador,ram_gb,python_version,algoritmo,tiempo,memoria_kb,nodos,solucion_encontrada
1,4,DESKTOP-PCTS8TB,AMD Ryzen 7 7445HS w/ Radeon 740M Graphics,15.26,3.14.7,BFS,0.00012650000280700624,1.3828125,16,True
1,4,DESKTOP-PCTS8TB,AMD Ryzen 7 7445HS w/ Radeon 740M Graphics,15.26,3.14.7,DFS,5.4899996030144393e-05,0.1484375,9,True
2,4,DESKTOP-PCTS8TB,AMD Ryzen 7 7445HS w/ Radeon 740M Graphics,15.26,3.14.7,BFS,5.339999916031957e-05,1.3203125,16,True
2,4,DESKTOP-PCTS8TB,AMD Ryzen 7 7445HS w/ Radeon 740M Graphics,15.26,3.14.7,DFS,3.4500000765547156e-05,0.1484375,9,True
3,4,DESKTOP-PCTS8TB,AMD Ryzen 7 7445HS w/ Radeon 740M Graphics,15.26,3.14.7,BFS,5.099999543745071e-05,1.3203125,16,True
3,4,DESKTOP-PCTS8TB,AMD Ryzen 7 7445HS w/ Radeon 740M Graphics,15.26,3.14.7,DFS,3.310000465717167e-05,0.1484375,9,True
4,4,DESKTOP-PCTS8TB,AMD Ryzen 7 7445HS w/ Radeon 740M Graphics,15.26,3.14.7,BFS,4.959999932907522e-05,1.3203125,16,True
4,4,DESKTOP-PCTS8TB,AMD Ryzen 7 7445HS w/ Radeon 740M Graphics,15.26,3.14.7,DFS,3.310000465717167e-05,0.1484375,9,True
5,4,DESKTOP-PCTS8TB,AMD Ryzen 7 7445HS w/ Radeon 740M Graphics,15.26,3.14.7,BFS,5.019998934585601e-05,1.3203125,16,True
5,4,DESKTOP-PCTS8TB,AMD Ryzen 7 7445HS w/ Radeon 740M Graphics,15.26,3.14.7,DFS,3.340000694151968e-05,0.1484375,9,True
6,4,DESKTOP-PCTS8TB,AMD Ryzen 7 7445HS w/ Radeon 740M Graphics,15.26,3.14.7,BFS,4.949999856762588e-05,1.3203125,16,True
6,4,DESKTOP-PCTS8TB,AMD Ryzen 7 7445HS w/ Radeon 740M Graphics,15.26,3.14.7,DFS,3.339999238960445e-05,0.1484375,9,True
7,4,DESKTOP-PCTS8TB,AMD Ryzen 7 7445HS w/ Radeon 740M Graphics,15.26,3.14.7,BFS,4.909999552182853e-05,1.3203125,16,True
7,4,DESKTOP-PCTS8TB,AMD Ryzen 7 7445HS w/ Radeon 740M Graphics,15.26,3.14.7,DFS,3.200001083314419e-05,0.1484375,9,True
8,4,DESKTOP-PCTS8TB,AMD Ryzen 7 7445HS w/ Radeon 740M Graphics,15.26,3.14.7,BFS,4.889999399892986e-05,1.3203125,16,True
8,4,DESKTOP-PCTS8TB,AMD Ryzen 7 7445HS w/ Radeon 740M Graphics,15.26,3.14.7,DFS,3.160000778734684e-05,0.1484375,9,True
9,4,DESKTOP-PCTS8TB,AMD Ryzen 7 7445HS w/ Radeon 740M Graphics,15.26,3.14.7,BFS,4.8000001697801054e-05,1.3203125,16,True
9,4,DESKTOP-PCTS8TB,AMD Ryzen 7 7445HS w/ Radeon 740M Graphics,15.26,3.14.7,DFS,3.2199997804127634e-05,0.1484375,9,True
10,4,DESKTOP-PCTS8TB,AMD Ryzen 7 7445HS w/ Radeon 740M Graphics,15.26,3.14.7,BFS,4.910001007374376e-05,1.3203125,16,True
10,4,DESKTOP-PCTS8TB,AMD Ryzen 7 7445HS w/ Radeon 740M Graphics,15.26,3.14.7,DFS,3.2800002372823656e-05,0.1484375,9,True
11,4,DESKTOP-PCTS8TB,AMD Ryzen 7 7445HS w/ Radeon 740M Graphics,15.26,3.14.7,BFS,4.8299989430233836e-05,1.3203125,16,True
11,4,DESKTOP-PCTS8TB,AMD Ryzen 7 7445HS w/ Radeon 740M Graphics,15.26,3.14.7,DFS,5.7999990531243384e-05,0.1484375,9,True
12,4,DESKTOP-PCTS8TB,AMD Ryzen 7 7445HS w/ Radeon 740M Graphics,15.26,3.14.7,BFS,4.879999323748052e-05,1.3203125,16,True
12,4,DESKTOP-PCTS8TB,AMD Ryzen 7 7445HS w/ Radeon 740M Graphics,15.26,3.14.7,DFS,3.190001007169485e-05,0.1484375,9,True
13,4,DESKTOP-PCTS8TB,AMD Ryzen 7 7445HS w/ Radeon 740M Graphics,15.26,3.14.7,BFS,4.739999712910503e-05,1.3203125,16,True
13,4,DESKTOP-PCTS8TB,AMD Ryzen 7 7445HS w/ Radeon 740M Graphics,15.26,3.14.7,DFS,3.399999695830047e-05,0.1484375,9,True
14,4,DESKTOP-PCTS8TB,AMD Ryzen 7 7445HS w/ Radeon 740M Graphics,15.26,3.14.7,BFS,5.660000897478312e-05,1.3203125,16,True
14,4,DESKTOP-PCTS8TB,AMD Ryzen 7 7445HS w/ Radeon 740M Graphics,15.26,3.14.7,DFS,3.440000000409782e-05,0.1484375,9,True
15,4,DESKTOP-PCTS8TB,AMD Ryzen 7 7445HS w/ Radeon 740M Graphics,15.26,3.14.7,BFS,5.1700000767596066e-05,1.3203125,16,True
15,4,DESKTOP-PCTS8TB,AMD Ryzen 7 7445HS w/ Radeon 740M Graphics,15.26,3.14.7,DFS,3.440000000409782e-05,0.1484375,9,True
16,4,DESKTOP-PCTS8TB,AMD Ryzen 7 7445HS w/ Radeon 740M Graphics,15.26,3.14.7,BFS,5.2100003813393414e-05,1.3203125,16,True
16,4,DESKTOP-PCTS8TB,AMD Ryzen 7 7445HS w/ Radeon 740M Graphics,15.26,3.14.7,DFS,3.880000440403819e-05,0.1484375,9,True
17,4,DESKTOP-PCTS8TB,AMD Ryzen 7 7445HS w/ Radeon 740M Graphics,15.26,3.14.7,BFS,5.560000136028975e-05,1.3203125,16,True
17,4,DESKTOP-PCTS8TB,AMD Ryzen 7 7445HS w/ Radeon 740M Graphics,15.26,3.14.7,DFS,3.399999695830047e-05,0.1484375,9,True
18,4,DESKTOP-PCTS8TB,AMD Ryzen 7 7445HS w/ Radeon 740M Graphics,15.26,3.14.7,BFS,5.610000516753644e-05,1.3203125,16,True
18,4,DESKTOP-PCTS8TB,AMD Ryzen 7 7445HS w/ Radeon 740M Graphics,15.26,3.14.7,DFS,3.440000000409782e-05,0.1484375,9,True
19,4,DESKTOP-PCTS8TB,AMD Ryzen 7 7445HS w/ Radeon 740M Graphics,15.26,3.14.7,BFS,5.5500000598840415e-05,1.3203125,16,True
19,4,DESKTOP-PCTS8TB,AMD Ryzen 7 7445HS w/ Radeon 740M Graphics,15.26,3.14.7,DFS,3.649998689070344e-05,0.1484375,9,True
20,4,DESKTOP-PCTS8TB,AMD Ryzen 7 7445HS w/ Radeon 740M Graphics,15.26,3.14.7,BFS,5.190000229049474e-05,1.3203125,16,True
20,4,DESKTOP-PCTS8TB,AMD Ryzen 7 7445HS w/ Radeon 740M Graphics,15.26,3.14.7,DFS,4.300000728107989e-05,0.1484375,9,True
21,4,DESKTOP-PCTS8TB,AMD Ryzen 7 7445HS w/ Radeon 740M Graphics,15.26,3.14.7,BFS,7.88000033935532e-05,1.3203125,16,True
21,4,DESKTOP-PCTS8TB,AMD Ryzen 7 7445HS w/ Radeon 740M Graphics,15.26,3.14.7,DFS,4.050000279676169e-05,0.1484375,9,True
22,4,DESKTOP-PCTS8TB,AMD Ryzen 7 7445HS w/ Radeon 740M Graphics,15.26,3.14.7,BFS,5.190000229049474e-05,1.3203125,16,True
22,4,DESKTOP-PCTS8TB,AMD Ryzen 7 7445HS w/ Radeon 740M Graphics,15.26,3.14.7,DFS,3.399999695830047e-05,0.1484375,9,True
23,4,DESKTOP-PCTS8TB,AMD Ryzen 7 7445HS w/ Radeon 740M Graphics,15.26,3.14.7,BFS,5.160000000614673e-05,1.3203125,16,True
23,4,DESKTOP-PCTS8TB,AMD Ryzen 7 7445HS w/ Radeon 740M Graphics,15.26,3.14.7,DFS,3.429999924264848e-05,0.1484375,9,True
24,4,DESKTOP-PCTS8TB,AMD Ryzen 7 7445HS w/ Radeon 740M Graphics,15.26,3.14.7,BFS,5.0399990868754685e-05,1.3203125,16,True
24,4,DESKTOP-PCTS8TB,AMD Ryzen 7 7445HS w/ Radeon 740M Graphics,15.26,3.14.7,DFS,3.3899996196851134e-05,0.1484375,9,True
25,4,DESKTOP-PCTS8TB,AMD Ryzen 7 7445HS w/ Radeon 740M Graphics,15.26,3.14.7,BFS,5.160000000614673e-05,1.3203125,16,True
25,4,DESKTOP-PCTS8TB,AMD Ryzen 7 7445HS w/ Radeon 740M Graphics,15.26,3.14.7,DFS,3.4500000765547156e-05,0.1484375,9,True
26,4,DESKTOP-PCTS8TB,AMD Ryzen 7 7445HS w/ Radeon 740M Graphics,15.26,3.14.7,BFS,5.149999924469739e-05,1.3203125,16,True
26,4,DESKTOP-PCTS8TB,AMD Ryzen 7 7445HS w/ Radeon 740M Graphics,15.26,3.14.7,DFS,3.3899996196851134e-05,0.1484375,9,True
27,4,DESKTOP-PCTS8TB,AMD Ryzen 7 7445HS w/ Radeon 740M Graphics,15.26,3.14.7,BFS,5.149999924469739e-05,1.3203125,16,True
27,4,DESKTOP-PCTS8TB,AMD Ryzen 7 7445HS w/ Radeon 740M Graphics,15.26,3.14.7,DFS,3.4199998481199145e-05,0.1484375,9,True
28,4,DESKTOP-PCTS8TB,AMD Ryzen 7 7445HS w/ Radeon 740M Graphics,15.26,3.14.7,BFS,5.080000846646726e-05,1.3203125,16,True
28,4,DESKTOP-PCTS8TB,AMD Ryzen 7 7445HS w/ Radeon 740M Graphics,15.26,3.14.7,DFS,3.37999954354018e-05,0.1484375,9,True
29,4,DESKTOP-PCTS8TB,AMD Ryzen 7 7445HS w/ Radeon 740M Graphics,15.26,3.14.7,BFS,5.099999543745071e-05,1.3203125,16,True
29,4,DESKTOP-PCTS8TB,AMD Ryzen 7 7445HS w/ Radeon 740M Graphics,15.26,3.14.7,DFS,3.369999467395246e-05,0.1484375,9,True
30,4,DESKTOP-PCTS8TB,AMD Ryzen 7 7445HS w/ Radeon 740M Graphics,15.26,3.14.7,BFS,5.089999467600137e-05,1.3203125,16,True
30,4,DESKTOP-PCTS8TB,AMD Ryzen 7 7445HS w/ Radeon 740M Graphics,15.26,3.14.7,DFS,3.359999391250312e-05,0.1484375,9,True
31,4,DESKTOP-PCTS8TB,AMD Ryzen 7 7445HS w/ Radeon 740M Graphics,15.26,3.14.7,BFS,5.089999467600137e-05,1.3203125,16,True
31,4,DESKTOP-PCTS8TB,AMD Ryzen 7 7445HS w/ Radeon 740M Graphics,15.26,3.14.7,DFS,3.3800009987317026e-05,0.1484375,9,True
32,4,DESKTOP-PCTS8TB,AMD Ryzen 7 7445HS w/ Radeon 740M Graphics,15.26,3.14.7,BFS,5.5900003644637764e-05,1.3203125,16,True
32,4,DESKTOP-PCTS8TB,AMD Ryzen 7 7445HS w/ Radeon 740M Graphics,15.26,3.14.7,DFS,3.619999915827066e-05,0.1484375,9,True
33,4,DESKTOP-PCTS8TB,AMD Ryzen 7 7445HS w/ Radeon 740M Graphics,15.26,3.14.7,BFS,5.329999839887023e-05,1.3203125,16,True
33,4,DESKTOP-PCTS8TB,AMD Ryzen 7 7445HS w/ Radeon 740M Graphics,15.26,3.14.7,DFS,3.519999154377729e-05,0.1484375,9,True
34,4,DESKTOP-PCTS8TB,AMD Ryzen 7 7445HS w/ Radeon 740M Graphics,15.26,3.14.7,BFS,5.269999383017421e-05,1.3203125,16,True
34,4,DESKTOP-PCTS8TB,AMD Ryzen 7 7445HS w/ Radeon 740M Graphics,15.26,3.14.7,DFS,3.9699996705166996e-05,0.1484375,9,True
35,4,DESKTOP-PCTS8TB,AMD Ryzen 7 7445HS w/ Radeon 740M Graphics,15.26,3.14.7,BFS,4.769999941345304e-05,1.3203125,16,True
35,4,DESKTOP-PCTS8TB,AMD Ryzen 7 7445HS w/ Radeon 740M Graphics,15.26,3.14.7,DFS,3.220001235604286e-05,0.1484375,9,True
36,4,DESKTOP-PCTS8TB,AMD Ryzen 7 7445HS w/ Radeon 740M Graphics,15.26,3.14.7,BFS,4.719999560620636e-05,1.3203125,16,True
36,4,DESKTOP-PCTS8TB,AMD Ryzen 7 7445HS w/ Radeon 740M Graphics,15.26,3.14.7,DFS,3.1400006264448166e-05,0.1484375,9,True
37,4,DESKTOP-PCTS8TB,AMD Ryzen 7 7445HS w/ Radeon 740M Graphics,15.26,3.14.7,BFS,4.850000550504774e-05,1.3203125,16,True
37,4,DESKTOP-PCTS8TB,AMD Ryzen 7 7445HS w/ Radeon 740M Graphics,15.26,3.14.7,DFS,3.1499992473982275e-05,0.1484375,9,True
38,4,DESKTOP-PCTS8TB,AMD Ryzen 7 7445HS w/ Radeon 740M Graphics,15.26,3.14.7,BFS,4.849999095313251e-05,1.3203125,16,True
38,4,DESKTOP-PCTS8TB,AMD Ryzen 7 7445HS w/ Radeon 740M Graphics,15.26,3.14.7,DFS,3.12999909510836e-05,0.1484375,9,True
39,4,DESKTOP-PCTS8TB,AMD Ryzen 7 7445HS w/ Radeon 740M Graphics,15.26,3.14.7,BFS,4.739999712910503e-05,1.3203125,16,True
39,4,DESKTOP-PCTS8TB,AMD Ryzen 7 7445HS w/ Radeon 740M Graphics,15.26,3.14.7,DFS,3.1400006264448166e-05,0.1484375,9,True
40,4,DESKTOP-PCTS8TB,AMD Ryzen 7 7445HS w/ Radeon 740M Graphics,15.26,3.14.7,BFS,4.7200010158121586e-05,1.3203125,16,True
40,4,DESKTOP-PCTS8TB,AMD Ryzen 7 7445HS w/ Radeon 740M Graphics,15.26,3.14.7,DFS,3.2099997042678297e-05,0.1484375,9,True
41,4,DESKTOP-PCTS8TB,AMD Ryzen 7 7445HS w/ Radeon 740M Graphics,15.26,3.14.7,BFS,4.780000017490238e-05,1.3203125,16,True
41,4,DESKTOP-PCTS8TB,AMD Ryzen 7 7445HS w/ Radeon 740M Graphics,15.26,3.14.7,DFS,3.1499992473982275e-05,0.1484375,9,True
42,4,DESKTOP-PCTS8TB,AMD Ryzen 7 7445HS w/ Radeon 740M Graphics,15.26,3.14.7,BFS,4.7200010158121586e-05,1.3203125,16,True
42,4,DESKTOP-PCTS8TB,AMD Ryzen 7 7445HS w/ Radeon 740M Graphics,15.26,3.14.7,DFS,3.159999323543161e-05,0.1484375,9,True
43,4,DESKTOP-PCTS8TB,AMD Ryzen 7 7445HS w/ Radeon 740M Graphics,15.26,3.14.7,BFS,4.6900007873773575e-05,1.3203125,16,True
43,4,DESKTOP-PCTS8TB,AMD Ryzen 7 7445HS w/ Radeon 740M Graphics,15.26,3.14.7,DFS,3.100000321865082e-05,0.1484375,9,True
44,4,DESKTOP-PCTS8TB,AMD Ryzen 7 7445HS w/ Radeon 740M Graphics,15.26,3.14.7,BFS,4.669999179895967e-05,1.3203125,16,True
44,4,DESKTOP-PCTS8TB,AMD Ryzen 7 7445HS w/ Radeon 740M Graphics,15.26,3.14.7,DFS,3.090000245720148e-05,0.1484375,9,True
45,4,DESKTOP-PCTS8TB,AMD Ryzen 7 7445HS w/ Radeon 740M Graphics,15.26,3.14.7,BFS,4.6900007873773575e-05,1.3203125,16,True
45,4,DESKTOP-PCTS8TB,AMD Ryzen 7 7445HS w/ Radeon 740M Graphics,15.26,3.14.7,DFS,3.1400006264448166e-05,0.1484375,9,True
46,4,DESKTOP-PCTS8TB,AMD Ryzen 7 7445HS w/ Radeon 740M Graphics,15.26,3.14.7,BFS,4.6999994083307683e-05,1.3203125,16,True
46,4,DESKTOP-PCTS8TB,AMD Ryzen 7 7445HS w/ Radeon 740M Graphics,15.26,3.14.7,DFS,3.120000474154949e-05,0.1484375,9,True
47,4,DESKTOP-PCTS8TB,AMD Ryzen 7 7445HS w/ Radeon 740M Graphics,15.26,3.14.7,BFS,4.700000863522291e-05,1.3203125,16,True
47,4,DESKTOP-PCTS8TB,AMD Ryzen 7 7445HS w/ Radeon 740M Graphics,15.26,3.14.7,DFS,3.199999628122896e-05,0.1484375,9,True
48,4,DESKTOP-PCTS8TB,AMD Ryzen 7 7445HS w/ Radeon 740M Graphics,15.26,3.14.7,BFS,4.84000047435984e-05,1.3203125,16,True
48,4,DESKTOP-PCTS8TB,AMD Ryzen 7 7445HS w/ Radeon 740M Graphics,15.26,3.14.7,DFS,3.650000144261867e-05,0.1484375,9,True
49,4,DESKTOP-PCTS8TB,AMD Ryzen 7 7445HS w/ Radeon 740M Graphics,15.26,3.14.7,BFS,4.820000322069973e-05,1.3203125,16,True
49,4,DESKTOP-PCTS8TB,AMD Ryzen 7 7445HS w/ Radeon 740M Graphics,15.26,3.14.7,DFS,3.159999323543161e-05,0.1484375,9,True
50,4,DESKTOP-PCTS8TB,AMD Ryzen 7 7445HS w/ Radeon 740M Graphics,15.26,3.14.7,BFS,5.229999078437686e-05,1.3203125,16,True
50,4,DESKTOP-PCTS8TB,AMD Ryzen 7 7445HS w/ Radeon 740M Graphics,15.26,3.14.7,DFS,3.15000070258975e-05,0.1484375,9,True
51,4,DESKTOP-PCTS8TB,AMD Ryzen 7 7445HS w/ Radeon 740M Graphics,15.26,3.14.7,BFS,4.8600006266497076e-05,1.3203125,16,True
51,4,DESKTOP-PCTS8TB,AMD Ryzen 7 7445HS w/ Radeon 740M Graphics,15.26,3.14.7,DFS,5.01000031363219e-05,0.1484375,9,True
52,4,DESKTOP-PCTS8TB,AMD Ryzen 7 7445HS w/ Radeon 740M Graphics,15.26,3.14.7,BFS,4.839999019168317e-05,1.3203125,16,True
52,4,DESKTOP-PCTS8TB,AMD Ryzen 7 7445HS w/ Radeon 740M Graphics,15.26,3.14.7,DFS,3.12999909510836e-05,0.1484375,9,True
53,4,DESKTOP-PCTS8TB,AMD Ryzen 7 7445HS w/ Radeon 740M Graphics,15.26,3.14.7,BFS,4.92000108351931e-05,1.3203125,16,True
53,4,DESKTOP-PCTS8TB,AMD Ryzen 7 7445HS w/ Radeon 740M Graphics,15.26,3.14.7,DFS,3.159999323543161e-05,0.1484375,9,True
54,4,DESKTOP-PCTS8TB,AMD Ryzen 7 7445HS w/ Radeon 740M Graphics,15.26,3.14.7,BFS,4.84000047435984e-05,1.3203125,16,True
54,4,DESKTOP-PCTS8TB,AMD Ryzen 7 7445HS w/ Radeon 740M Graphics,15.26,3.14.7,DFS,3.169999399688095e-05,0.1484375,9,True
55,4,DESKTOP-PCTS8TB,AMD Ryzen 7 7445HS w/ Radeon 740M Graphics,15.26,3.14.7,BFS,4.719999560620636e-05,1.3203125,16,True
55,4,DESKTOP-PCTS8TB,AMD Ryzen 7 7445HS w/ Radeon 740M Graphics,15.26,3.14.7,DFS,3.120000474154949e-05,0.1484375,9,True
56,4,DESKTOP-PCTS8TB,AMD Ryzen 7 7445HS w/ Radeon 740M Graphics,15.26,3.14.7,BFS,4.7599998652003706e-05,1.3203125,16,True
56,4,DESKTOP-PCTS8TB,AMD Ryzen 7 7445HS w/ Radeon 740M Graphics,15.26,3.14.7,DFS,3.239999932702631e-05,0.1484375,9,True
57,4,DESKTOP-PCTS8TB,AMD Ryzen 7 7445HS w/ Radeon 740M Graphics,15.26,3.14.7,BFS,4.780000017490238e-05,1.3203125,16,True
57,4,DESKTOP-PCTS8TB,AMD Ryzen 7 7445HS w/ Radeon 740M Graphics,15.26,3.14.7,DFS,3.1400006264448166e-05,0.1484375,9,True
58,4,DESKTOP-PCTS8TB,AMD Ryzen 7 7445HS w/ Radeon 740M Graphics,15.26,3.14.7,BFS,4.780000017490238e-05,1.3203125,16,True
58,4,DESKTOP-PCTS8TB,AMD Ryzen 7 7445HS w/ Radeon 740M Graphics,15.26,3.14.7,DFS,3.460000152699649e-05,0.1484375,9,True
59,4,DESKTOP-PCTS8TB,AMD Ryzen 7 7445HS w/ Radeon 740M Graphics,15.26,3.14.7,BFS,4.780000017490238e-05,1.3203125,16,True
59,4,DESKTOP-PCTS8TB,AMD Ryzen 7 7445HS w/ Radeon 740M Graphics,15.26,3.14.7,DFS,3.1400006264448166e-05,0.1484375,9,True
60,4,DESKTOP-PCTS8TB,AMD Ryzen 7 7445HS w/ Radeon 740M Graphics,15.26,3.14.7,BFS,4.7299996367655694e-05,1.3203125,16,True
60,4,DESKTOP-PCTS8TB,AMD Ryzen 7 7445HS w/ Radeon 740M Graphics,15.26,3.14.7,DFS,3.169999399688095e-05,0.1484375,9,True
61,4,DESKTOP-PCTS8TB,AMD Ryzen 7 7445HS w/ Radeon 740M Graphics,15.26,3.14.7,BFS,4.7900000936351717e-05,1.3203125,16,True
61,4,DESKTOP-PCTS8TB,AMD Ryzen 7 7445HS w/ Radeon 740M Graphics,15.26,3.14.7,DFS,3.1800009310245514e-05,0.1484375,9,True
62,4,DESKTOP-PCTS8TB,AMD Ryzen 7 7445HS w/ Radeon 740M Graphics,15.26,3.14.7,BFS,4.709999484475702e-05,1.3203125,16,True
62,4,DESKTOP-PCTS8TB,AMD Ryzen 7 7445HS w/ Radeon 740M Graphics,15.26,3.14.7,DFS,3.1099989428184927e-05,0.1484375,9,True
63,4,DESKTOP-PCTS8TB,AMD Ryzen 7 7445HS w/ Radeon 740M Graphics,15.26,3.14.7,BFS,4.6999994083307683e-05,1.3203125,16,True
63,4,DESKTOP-PCTS8TB,AMD Ryzen 7 7445HS w/ Radeon 740M Graphics,15.26,3.14.7,DFS,3.170000854879618e-05,0.1484375,9,True
64,4,DESKTOP-PCTS8TB,AMD Ryzen 7 7445HS w/ Radeon 740M Graphics,15.26,3.14.7,BFS,4.739999712910503e-05,1.3203125,16,True
64,4,DESKTOP-PCTS8TB,AMD Ryzen 7 7445HS w/ Radeon 740M Graphics,15.26,3.14.7,DFS,3.1100003980100155e-05,0.1484375,9,True
65,4,DESKTOP-PCTS8TB,AMD Ryzen 7 7445HS w/ Radeon 740M Graphics,15.26,3.14.7,BFS,4.710000939667225e-05,1.3203125,16,True
65,4,DESKTOP-PCTS8TB,AMD Ryzen 7 7445HS w/ Radeon 740M Graphics,15.26,3.14.7,DFS,3.1100003980100155e-05,0.1484375,9,True
66,4,DESKTOP-PCTS8TB,AMD Ryzen 7 7445HS w/ Radeon 740M Graphics,15.26,3.14.7,BFS,4.6899993321858346e-05,1.3203125,16,True
66,4,DESKTOP-PCTS8TB,AMD Ryzen 7 7445HS w/ Radeon 740M Graphics,15.26,3.14.7,DFS,3.090000245720148e-05,0.1484375,9,True
67,4,DESKTOP-PCTS8TB,AMD Ryzen 7 7445HS w/ Radeon 740M Graphics,15.26,3.14.7,BFS,4.6900007873773575e-05,1.3203125,16,True
67,4,DESKTOP-PCTS8TB,AMD Ryzen 7 7445HS w/ Radeon 740M Graphics,15.26,3.14.7,DFS,3.090000245720148e-05,0.1484375,9,True
68,4,DESKTOP-PCTS8TB,AMD Ryzen 7 7445HS w/ Radeon 740M Graphics,15.26,3.14.7,BFS,4.680000711232424e-05,1.3203125,16,True
68,4,DESKTOP-PCTS8TB,AMD Ryzen 7 7445HS w/ Radeon 740M Graphics,15.26,3.14.7,DFS,3.1199990189634264e-05,0.1484375,9,True
69,4,DESKTOP-PCTS8TB,AMD Ryzen 7 7445HS w/ Radeon 740M Graphics,15.26,3.14.7,BFS,4.679999256040901e-05,1.3203125,16,True
69,4,DESKTOP-PCTS8TB,AMD Ryzen 7 7445HS w/ Radeon 740M Graphics,15.26,3.14.7,DFS,3.139999171253294e-05,0.1484375,9,True
70,4,DESKTOP-PCTS8TB,AMD Ryzen 7 7445HS w/ Radeon 740M Graphics,15.26,3.14.7,BFS,4.710000939667225e-05,1.3203125,16,True
70,4,DESKTOP-PCTS8TB,AMD Ryzen 7 7445HS w/ Radeon 740M Graphics,15.26,3.14.7,DFS,3.100000321865082e-05,0.1484375,9,True
71,4,DESKTOP-PCTS8TB,AMD Ryzen 7 7445HS w/ Radeon 740M Graphics,15.26,3.14.7,BFS,4.650000482797623e-05,1.3203125,16,True
71,4,DESKTOP-PCTS8TB,AMD Ryzen 7 7445HS w/ Radeon 740M Graphics,15.26,3.14.7,DFS,4.2400002712383866e-05,0.1484375,9,True
72,4,DESKTOP-PCTS8TB,AMD Ryzen 7 7445HS w/ Radeon 740M Graphics,15.26,3.14.7,BFS,0.00026369999977760017,1.3203125,16,True
72,4,DESKTOP-PCTS8TB,AMD Ryzen 7 7445HS w/ Radeon 740M Graphics,15.26,3.14.7,DFS,0.00012620000052265823,0.1484375,9,True
73,4,DESKTOP-PCTS8TB,AMD Ryzen 7 7445HS w/ Radeon 740M Graphics,15.26,3.14.7,BFS,0.00012080000306013972,1.3203125,16,True
73,4,DESKTOP-PCTS8TB,AMD Ryzen 7 7445HS w/ Radeon 740M Graphics,15.26,3.14.7,DFS,6.609999400097877e-05,0.1484375,9,True
74,4,DESKTOP-PCTS8TB,AMD Ryzen 7 7445HS w/ Radeon 740M Graphics,15.26,3.14.7,BFS,8.949999755714089e-05,1.3203125,16,True
74,4,DESKTOP-PCTS8TB,AMD Ryzen 7 7445HS w/ Radeon 740M Graphics,15.26,3.14.7,DFS,5.8599995099939406e-05,0.1484375,9,True
75,4,DESKTOP-PCTS8TB,AMD Ryzen 7 7445HS w/ Radeon 740M Graphics,15.26,3.14.7,BFS,8.730000990908593e-05,1.3203125,16,True
75,4,DESKTOP-PCTS8TB,AMD Ryzen 7 7445HS w/ Radeon 740M Graphics,15.26,3.14.7,DFS,5.750000127591193e-05,0.1484375,9,True
76,4,DESKTOP-PCTS8TB,AMD Ryzen 7 7445HS w/ Radeon 740M Graphics,15.26,3.14.7,BFS,8.530000923201442e-05,1.3203125,16,True
76,4,DESKTOP-PCTS8TB,AMD Ryzen 7 7445HS w/ Radeon 740M Graphics,15.26,3.14.7,DFS,5.729999975301325e-05,0.1484375,9,True
77,4,DESKTOP-PCTS8TB,AMD Ryzen 7 7445HS w/ Radeon 740M Graphics,15.26,3.14.7,BFS,8.689999231137335e-05,1.3203125,16,True
77,4,DESKTOP-PCTS8TB,AMD Ryzen 7 7445HS w/ Radeon 740M Graphics,15.26,3.14.7,DFS,5.7600002037361264e-05,0.1484375,9,True
78,4,DESKTOP-PCTS8TB,AMD Ryzen 7 7445HS w/ Radeon 740M Graphics,15.26,3.14.7,BFS,8.919999527279288e-05,1.3203125,16,True
78,4,DESKTOP-PCTS8TB,AMD Ryzen 7 7445HS w/ Radeon 740M Graphics,15.26,3.14.7,DFS,5.779998900834471e-05,0.1484375,9,True
79,4,DESKTOP-PCTS8TB,AMD Ryzen 7 7445HS w/ Radeon 740M Graphics,15.26,3.14.7,BFS,0.00014820000797044486,1.3203125,16,True
79,4,DESKTOP-PCTS8TB,AMD Ryzen 7 7445HS w/ Radeon 740M Graphics,15.26,3.14.7,DFS,5.4799995268695056e-05,0.1484375,9,True
80,4,DESKTOP-PCTS8TB,AMD Ryzen 7 7445HS w/ Radeon 740M Graphics,15.26,3.14.7,BFS,4.6899993321858346e-05,1.3203125,16,True
80,4,DESKTOP-PCTS8TB,AMD Ryzen 7 7445HS w/ Radeon 740M Graphics,15.26,3.14.7,DFS,3.0799987143836915e-05,0.1484375,9,True
81,4,DESKTOP-PCTS8TB,AMD Ryzen 7 7445HS w/ Radeon 740M Graphics,15.26,3.14.7,BFS,4.84000047435984e-05,1.3203125,16,True
81,4,DESKTOP-PCTS8TB,AMD Ryzen 7 7445HS w/ Radeon 740M Graphics,15.26,3.14.7,DFS,3.190001007169485e-05,0.1484375,9,True
82,4,DESKTOP-PCTS8TB,AMD Ryzen 7 7445HS w/ Radeon 740M Graphics,15.26,3.14.7,BFS,5.1099996198900044e-05,1.3203125,16,True
82,4,DESKTOP-PCTS8TB,AMD Ryzen 7 7445HS w/ Radeon 740M Graphics,15.26,3.14.7,DFS,3.169999399688095e-05,0.1484375,9,True
83,4,DESKTOP-PCTS8TB,AMD Ryzen 7 7445HS w/ Radeon 740M Graphics,15.26,3.14.7,BFS,4.810000245925039e-05,1.3203125,16,True
83,4,DESKTOP-PCTS8TB,AMD Ryzen 7 7445HS w/ Radeon 740M Graphics,15.26,3.14.7,DFS,3.1800009310245514e-05,0.1484375,9,True
84,4,DESKTOP-PCTS8TB,AMD Ryzen 7 7445HS w/ Radeon 740M Graphics,15.26,3.14.7,BFS,4.630000330507755e-05,1.3203125,16,True
84,4,DESKTOP-PCTS8TB,AMD Ryzen 7 7445HS w/ Radeon 740M Graphics,15.26,3.14.7,DFS,3.12999909510836e-05,0.1484375,9,True
85,4,DESKTOP-PCTS8TB,AMD Ryzen 7 7445HS w/ Radeon 740M Graphics,15.26,3.14.7,BFS,4.709999484475702e-05,1.3203125,16,True
85,4,DESKTOP-PCTS8TB,AMD Ryzen 7 7445HS w/ Radeon 740M Graphics,15.26,3.14.7,DFS,3.0800001695752144e-05,0.1484375,9,True
86,4,DESKTOP-PCTS8TB,AMD Ryzen 7 7445HS w/ Radeon 740M Graphics,15.26,3.14.7,BFS,4.8600006266497076e-05,1.3203125,16,True
86,4,DESKTOP-PCTS8TB,AMD Ryzen 7 7445HS w/ Radeon 740M Graphics,15.26,3.14.7,DFS,3.199999628122896e-05,0.1484375,9,True
87,4,DESKTOP-PCTS8TB,AMD Ryzen 7 7445HS w/ Radeon 740M Graphics,15.26,3.14.7,BFS,5.190000229049474e-05,1.3203125,16,True
87,4,DESKTOP-PCTS8TB,AMD Ryzen 7 7445HS w/ Radeon 740M Graphics,15.26,3.14.7,DFS,4.089999129064381e-05,0.1484375,9,True
88,4,DESKTOP-PCTS8TB,AMD Ryzen 7 7445HS w/ Radeon 740M Graphics,15.26,3.14.7,BFS,4.719999560620636e-05,1.3203125,16,True
88,4,DESKTOP-PCTS8TB,AMD Ryzen 7 7445HS w/ Radeon 740M Graphics,15.26,3.14.7,DFS,3.1099989428184927e-05,0.1484375,9,True
89,4,DESKTOP-PCTS8TB,AMD Ryzen 7 7445HS w/ Radeon 740M Graphics,15.26,3.14.7,BFS,4.700000863522291e-05,1.3203125,16,True
89,4,DESKTOP-PCTS8TB,AMD Ryzen 7 7445HS w/ Radeon 740M Graphics,15.26,3.14.7,DFS,3.1499992473982275e-05,0.1484375,9,True
90,4,DESKTOP-PCTS8TB,AMD Ryzen 7 7445HS w/ Radeon 740M Graphics,15.26,3.14.7,BFS,4.6499990276061e-05,1.3203125,16,True
90,4,DESKTOP-PCTS8TB,AMD Ryzen 7 7445HS w/ Radeon 740M Graphics,15.26,3.14.7,DFS,3.409999771974981e-05,0.1484375,9,True
91,4,DESKTOP-PCTS8TB,AMD Ryzen 7 7445HS w/ Radeon 740M Graphics,15.26,3.14.7,BFS,4.650000482797623e-05,1.3203125,16,True
91,4,DESKTOP-PCTS8TB,AMD Ryzen 7 7445HS w/ Radeon 740M Graphics,15.26,3.14.7,DFS,3.159999323543161e-05,0.1484375,9,True
92,4,DESKTOP-PCTS8TB,AMD Ryzen 7 7445HS w/ Radeon 740M Graphics,15.26,3.14.7,BFS,4.619998799171299e-05,1.3203125,16,True
92,4,DESKTOP-PCTS8TB,AMD Ryzen 7 7445HS w/ Radeon 740M Graphics,15.26,3.14.7,DFS,3.060000017285347e-05,0.1484375,9,True
93,4,DESKTOP-PCTS8TB,AMD Ryzen 7 7445HS w/ Radeon 740M Graphics,15.26,3.14.7,BFS,4.669999179895967e-05,1.3203125,16,True
93,4,DESKTOP-PCTS8TB,AMD Ryzen 7 7445HS w/ Radeon 740M Graphics,15.26,3.14.7,DFS,3.0800001695752144e-05,0.1484375,9,True
94,4,DESKTOP-PCTS8TB,AMD Ryzen 7 7445HS w/ Radeon 740M Graphics,15.26,3.14.7,BFS,4.600000102072954e-05,1.3203125,16,True
94,4,DESKTOP-PCTS8TB,AMD Ryzen 7 7445HS w/ Radeon 740M Graphics,15.26,3.14.7,DFS,3.0399998649954796e-05,0.1484375,9,True
95,4,DESKTOP-PCTS8TB,AMD Ryzen 7 7445HS w/ Radeon 740M Graphics,15.26,3.14.7,BFS,4.5199994929134846e-05,1.3203125,16,True
95,4,DESKTOP-PCTS8TB,AMD Ryzen 7 7445HS w/ Radeon 740M Graphics,15.26,3.14.7,DFS,3.029999788850546e-05,0.1484375,9,True
96,4,DESKTOP-PCTS8TB,AMD Ryzen 7 7445HS w/ Radeon 740M Graphics,15.26,3.14.7,BFS,4.5599997974932194e-05,1.3203125,16,True
96,4,DESKTOP-PCTS8TB,AMD Ryzen 7 7445HS w/ Radeon 740M Graphics,15.26,3.14.7,DFS,3.089998790528625e-05,0.1484375,9,True
97,4,DESKTOP-PCTS8TB,AMD Ryzen 7 7445HS w/ Radeon 740M Graphics,15.26,3.14.7,BFS,4.600000102072954e-05,1.3203125,16,True
97,4,DESKTOP-PCTS8TB,AMD Ryzen 7 7445HS w/ Radeon 740M Graphics,15.26,3.14.7,DFS,3.070000093430281e-05,0.1484375,9,True
98,4,DESKTOP-PCTS8TB,AMD Ryzen 7 7445HS w/ Radeon 740M Graphics,15.26,3.14.7,BFS,4.6200002543628216e-05,1.3203125,16,True
98,4,DESKTOP-PCTS8TB,AMD Ryzen 7 7445HS w/ Radeon 740M Graphics,15.26,3.14.7,DFS,3.0499999411404133e-05,0.1484375,9,True
99,4,DESKTOP-PCTS8TB,AMD Ryzen 7 7445HS w/ Radeon 740M Graphics,15.26,3.14.7,BFS,4.530001024249941e-05,1.3203125,16,True
99,4,DESKTOP-PCTS8TB,AMD Ryzen 7 7445HS w/ Radeon 740M Graphics,15.26,3.14.7,DFS,3.0499999411404133e-05,0.1484375,9,True
100,4,DESKTOP-PCTS8TB,AMD Ryzen 7 7445HS w/ Radeon 740M Graphics,15.26,3.14.7,BFS,4.5200009481050074e-05,1.3203125,16,True
100,4,DESKTOP-PCTS8TB,AMD Ryzen 7 7445HS w/ Radeon 740M Graphics,15.26,3.14.7,DFS,3.0399998649954796e-05,0.1484375,9,True
101,5,DESKTOP-PCTS8TB,AMD Ryzen 7 7445HS w/ Radeon 740M Graphics,15.26,3.14.7,BFS,0.00019540000357665122,1.6953125,45,True
101,5,DESKTOP-PCTS8TB,AMD Ryzen 7 7445HS w/ Radeon 740M Graphics,15.26,3.14.7,DFS,3.0499999411404133e-05,0.203125,6,True
102,5,DESKTOP-PCTS8TB,AMD Ryzen 7 7445HS w/ Radeon 740M Graphics,15.26,3.14.7,BFS,0.00016910000704228878,1.6953125,45,True
102,5,DESKTOP-PCTS8TB,AMD Ryzen 7 7445HS w/ Radeon 740M Graphics,15.26,3.14.7,DFS,2.9000002541579306e-05,0.203125,6,True
103,5,DESKTOP-PCTS8TB,AMD Ryzen 7 7445HS w/ Radeon 740M Graphics,15.26,3.14.7,BFS,0.00016510000568814576,1.6953125,45,True
103,5,DESKTOP-PCTS8TB,AMD Ryzen 7 7445HS w/ Radeon 740M Graphics,15.26,3.14.7,DFS,2.7999994927085936e-05,0.203125,6,True
104,5,DESKTOP-PCTS8TB,AMD Ryzen 7 7445HS w/ Radeon 740M Graphics,15.26,3.14.7,BFS,0.00016280000272672623,1.6953125,45,True
104,5,DESKTOP-PCTS8TB,AMD Ryzen 7 7445HS w/ Radeon 740M Graphics,15.26,3.14.7,DFS,2.81000102404505e-05,0.203125,6,True
105,5,DESKTOP-PCTS8TB,AMD Ryzen 7 7445HS w/ Radeon 740M Graphics,15.26,3.14.7,BFS,0.00016229999891947955,1.6953125,45,True
105,5,DESKTOP-PCTS8TB,AMD Ryzen 7 7445HS w/ Radeon 740M Graphics,15.26,3.14.7,DFS,2.7700007194653153e-05,0.203125,6,True
106,5,DESKTOP-PCTS8TB,AMD Ryzen 7 7445HS w/ Radeon 740M Graphics,15.26,3.14.7,BFS,0.00016150000737980008,1.6953125,45,True
106,5,DESKTOP-PCTS8TB,AMD Ryzen 7 7445HS w/ Radeon 740M Graphics,15.26,3.14.7,DFS,2.7699992642737925e-05,0.203125,6,True
107,5,DESKTOP-PCTS8TB,AMD Ryzen 7 7445HS w/ Radeon 740M Graphics,15.26,3.14.7,BFS,0.00016069998673629016,1.6953125,45,True
107,5,DESKTOP-PCTS8TB,AMD Ryzen 7 7445HS w/ Radeon 740M Graphics,15.26,3.14.7,DFS,2.749999111983925e-05,0.203125,6,True
108,5,DESKTOP-PCTS8TB,AMD Ryzen 7 7445HS w/ Radeon 740M Graphics,15.26,3.14.7,BFS,0.00016090000281110406,1.6953125,45,True
108,5,DESKTOP-PCTS8TB,AMD Ryzen 7 7445HS w/ Radeon 740M Graphics,15.26,3.14.7,DFS,2.7300004148855805e-05,0.203125,6,True
109,5,DESKTOP-PCTS8TB,AMD Ryzen 7 7445HS w/ Radeon 740M Graphics,15.26,3.14.7,BFS,0.0001627000019652769,1.6953125,45,True
109,5,DESKTOP-PCTS8TB,AMD Ryzen 7 7445HS w/ Radeon 740M Graphics,15.26,3.14.7,DFS,2.7400004910305142e-05,0.203125,6,True
110,5,DESKTOP-PCTS8TB,AMD Ryzen 7 7445HS w/ Radeon 740M Graphics,15.26,3.14.7,BFS,0.00016480000340379775,1.6953125,45,True
110,5,DESKTOP-PCTS8TB,AMD Ryzen 7 7445HS w/ Radeon 740M Graphics,15.26,3.14.7,DFS,2.720000338740647e-05,0.203125,6,True
111,5,DESKTOP-PCTS8TB,AMD Ryzen 7 7445HS w/ Radeon 740M Graphics,15.26,3.14.7,BFS,0.0001787999935913831,1.6953125,45,True
111,5,DESKTOP-PCTS8TB,AMD Ryzen 7 7445HS w/ Radeon 740M Graphics,15.26,3.14.7,DFS,2.8299997211433947e-05,0.203125,6,True
112,5,DESKTOP-PCTS8TB,AMD Ryzen 7 7445HS w/ Radeon 740M Graphics,15.26,3.14.7,BFS,0.00016710000636521727,1.6953125,45,True
112,5,DESKTOP-PCTS8TB,AMD Ryzen 7 7445HS w/ Radeon 740M Graphics,15.26,3.14.7,DFS,2.8099995688535273e-05,0.203125,6,True
113,5,DESKTOP-PCTS8TB,AMD Ryzen 7 7445HS w/ Radeon 740M Graphics,15.26,3.14.7,BFS,0.0001635000080568716,1.6953125,45,True
113,5,DESKTOP-PCTS8TB,AMD Ryzen 7 7445HS w/ Radeon 740M Graphics,15.26,3.14.7,DFS,2.7799993404187262e-05,0.203125,6,True
114,5,DESKTOP-PCTS8TB,AMD Ryzen 7 7445HS w/ Radeon 740M Graphics,15.26,3.14.7,BFS,0.0001638000103412196,1.6953125,45,True
114,5,DESKTOP-PCTS8TB,AMD Ryzen 7 7445HS w/ Radeon 740M Graphics,15.26,3.14.7,DFS,2.7799993404187262e-05,0.203125,6,True
115,5,DESKTOP-PCTS8TB,AMD Ryzen 7 7445HS w/ Radeon 740M Graphics,15.26,3.14.7,BFS,0.00016399999731220305,1.6953125,45,True
115,5,DESKTOP-PCTS8TB,AMD Ryzen 7 7445HS w/ Radeon 740M Graphics,15.26,3.14.7,DFS,2.7700007194653153e-05,0.203125,6,True
116,5,DESKTOP-PCTS8TB,AMD Ryzen 7 7445HS w/ Radeon 740M Graphics,15.26,3.14.7,BFS,0.00016119999054353684,1.6953125,45,True
116,5,DESKTOP-PCTS8TB,AMD Ryzen 7 7445HS w/ Radeon 740M Graphics,15.26,3.14.7,DFS,2.7000001864507794e-05,0.203125,6,True
117,5,DESKTOP-PCTS8TB,AMD Ryzen 7 7445HS w/ Radeon 740M Graphics,15.26,3.14.7,BFS,0.00016209999739658087,1.6953125,45,True
117,5,DESKTOP-PCTS8TB,AMD Ryzen 7 7445HS w/ Radeon 740M Graphics,15.26,3.14.7,DFS,2.7400004910305142e-05,0.203125,6,True
118,5,DESKTOP-PCTS8TB,AMD Ryzen 7 7445HS w/ Radeon 740M Graphics,15.26,3.14.7,BFS,0.00016290000348817557,1.6953125,45,True
118,5,DESKTOP-PCTS8TB,AMD Ryzen 7 7445HS w/ Radeon 740M Graphics,15.26,3.14.7,DFS,2.7700007194653153e-05,0.203125,6,True
119,5,DESKTOP-PCTS8TB,AMD Ryzen 7 7445HS w/ Radeon 740M Graphics,15.26,3.14.7,BFS,0.00016119999054353684,1.6953125,45,True
119,5,DESKTOP-PCTS8TB,AMD Ryzen 7 7445HS w/ Radeon 740M Graphics,15.26,3.14.7,DFS,2.78999941656366e-05,0.203125,6,True
120,5,DESKTOP-PCTS8TB,AMD Ryzen 7 7445HS w/ Radeon 740M Graphics,15.26,3.14.7,BFS,0.00016110000433400273,1.6953125,45,True
120,5,DESKTOP-PCTS8TB,AMD Ryzen 7 7445HS w/ Radeon 740M Graphics,15.26,3.14.7,DFS,2.7400004910305142e-05,0.203125,6,True
121,5,DESKTOP-PCTS8TB,AMD Ryzen 7 7445HS w/ Radeon 740M Graphics,15.26,3.14.7,BFS,0.00017660000594332814,1.6953125,45,True
121,5,DESKTOP-PCTS8TB,AMD Ryzen 7 7445HS w/ Radeon 740M Graphics,15.26,3.14.7,DFS,2.7600006433203816e-05,0.203125,6,True
122,5,DESKTOP-PCTS8TB,AMD Ryzen 7 7445HS w/ Radeon 740M Graphics,15.26,3.14.7,BFS,0.00016239999968092889,1.6953125,45,True
122,5,DESKTOP-PCTS8TB,AMD Ryzen 7 7445HS w/ Radeon 740M Graphics,15.26,3.14.7,DFS,2.750000567175448e-05,0.203125,6,True
123,5,DESKTOP-PCTS8TB,AMD Ryzen 7 7445HS w/ Radeon 740M Graphics,15.26,3.14.7,BFS,0.00016119999054353684,1.6953125,45,True
123,5,DESKTOP-PCTS8TB,AMD Ryzen 7 7445HS w/ Radeon 740M Graphics,15.26,3.14.7,DFS,2.750000567175448e-05,0.203125,6,True
124,5,DESKTOP-PCTS8TB,AMD Ryzen 7 7445HS w/ Radeon 740M Graphics,15.26,3.14.7,BFS,0.0001613000058569014,1.6953125,45,True
124,5,DESKTOP-PCTS8TB,AMD Ryzen 7 7445HS w/ Radeon 740M Graphics,15.26,3.14.7,DFS,2.6900001103058457e-05,0.203125,6,True
125,5,DESKTOP-PCTS8TB,AMD Ryzen 7 7445HS w/ Radeon 740M Graphics,15.26,3.14.7,BFS,0.0001610000035725534,1.6953125,45,True
125,5,DESKTOP-PCTS8TB,AMD Ryzen 7 7445HS w/ Radeon 740M Graphics,15.26,3.14.7,DFS,2.7700007194653153e-05,0.203125,6,True
126,5,DESKTOP-PCTS8TB,AMD Ryzen 7 7445HS w/ Radeon 740M Graphics,15.26,3.14.7,BFS,0.0001604999997653067,1.6953125,45,True
126,5,DESKTOP-PCTS8TB,AMD Ryzen 7 7445HS w/ Radeon 740M Graphics,15.26,3.14.7,DFS,2.6900001103058457e-05,0.203125,6,True
127,5,DESKTOP-PCTS8TB,AMD Ryzen 7 7445HS w/ Radeon 740M Graphics,15.26,3.14.7,BFS,0.0001604999997653067,1.6953125,45,True
127,5,DESKTOP-PCTS8TB,AMD Ryzen 7 7445HS w/ Radeon 740M Graphics,15.26,3.14.7,DFS,2.7099988074041903e-05,0.203125,6,True
128,5,DESKTOP-PCTS8TB,AMD Ryzen 7 7445HS w/ Radeon 740M Graphics,15.26,3.14.7,BFS,0.00016070000128820539,1.6953125,45,True
128,5,DESKTOP-PCTS8TB,AMD Ryzen 7 7445HS w/ Radeon 740M Graphics,15.26,3.14.7,DFS,2.7099988074041903e-05,0.203125,6,True
129,5,DESKTOP-PCTS8TB,AMD Ryzen 7 7445HS w/ Radeon 740M Graphics,15.26,3.14.7,BFS,0.00016110000433400273,1.6953125,45,True
129,5,DESKTOP-PCTS8TB,AMD Ryzen 7 7445HS w/ Radeon 740M Graphics,15.26,3.14.7,DFS,2.7000001864507794e-05,0.203125,6,True
130,5,DESKTOP-PCTS8TB,AMD Ryzen 7 7445HS w/ Radeon 740M Graphics,15.26,3.14.7,BFS,0.00018610000552143902,1.6953125,45,True
130,5,DESKTOP-PCTS8TB,AMD Ryzen 7 7445HS w/ Radeon 740M Graphics,15.26,3.14.7,DFS,3.850000211969018e-05,0.203125,6,True
131,5,DESKTOP-PCTS8TB,AMD Ryzen 7 7445HS w/ Radeon 740M Graphics,15.26,3.14.7,BFS,0.0003552999987732619,1.6953125,45,True
131,5,DESKTOP-PCTS8TB,AMD Ryzen 7 7445HS w/ Radeon 740M Graphics,15.26,3.14.7,DFS,0.00022950000129640102,0.203125,6,True
132,5,DESKTOP-PCTS8TB,AMD Ryzen 7 7445HS w/ Radeon 740M Graphics,15.26,3.14.7,BFS,0.00027709999994840473,1.6953125,45,True
132,5,DESKTOP-PCTS8TB,AMD Ryzen 7 7445HS w/ Radeon 740M Graphics,15.26,3.14.7,DFS,3.5599994589574635e-05,0.203125,6,True
133,5,DESKTOP-PCTS8TB,AMD Ryzen 7 7445HS w/ Radeon 740M Graphics,15.26,3.14.7,BFS,0.00032110000029206276,1.6953125,45,True
133,5,DESKTOP-PCTS8TB,AMD Ryzen 7 7445HS w/ Radeon 740M Graphics,15.26,3.14.7,DFS,3.0800001695752144e-05,0.203125,6,True
134,5,DESKTOP-PCTS8TB,AMD Ryzen 7 7445HS w/ Radeon 740M Graphics,15.26,3.14.7,BFS,0.00015530000382568687,1.6953125,45,True
134,5,DESKTOP-PCTS8TB,AMD Ryzen 7 7445HS w/ Radeon 740M Graphics,15.26,3.14.7,DFS,2.710000262595713e-05,0.203125,6,True
135,5,DESKTOP-PCTS8TB,AMD Ryzen 7 7445HS w/ Radeon 740M Graphics,15.26,3.14.7,BFS,0.00015039999561849982,1.6953125,45,True
135,5,DESKTOP-PCTS8TB,AMD Ryzen 7 7445HS w/ Radeon 740M Graphics,15.26,3.14.7,DFS,2.5900008040480316e-05,0.203125,6,True
136,5,DESKTOP-PCTS8TB,AMD Ryzen 7 7445HS w/ Radeon 740M Graphics,15.26,3.14.7,BFS,0.0001773999974830076,1.6953125,45,True
136,5,DESKTOP-PCTS8TB,AMD Ryzen 7 7445HS w/ Radeon 740M Graphics,15.26,3.14.7,DFS,3.1499992473982275e-05,0.203125,6,True
137,5,DESKTOP-PCTS8TB,AMD Ryzen 7 7445HS w/ Radeon 740M Graphics,15.26,3.14.7,BFS,0.00017890000890474766,1.6953125,45,True
137,5,DESKTOP-PCTS8TB,AMD Ryzen 7 7445HS w/ Radeon 740M Graphics,15.26,3.14.7,DFS,3.139999171253294e-05,0.203125,6,True
138,5,DESKTOP-PCTS8TB,AMD Ryzen 7 7445HS w/ Radeon 740M Graphics,15.26,3.14.7,BFS,0.00018020000425167382,1.6953125,45,True
138,5,DESKTOP-PCTS8TB,AMD Ryzen 7 7445HS w/ Radeon 740M Graphics,15.26,3.14.7,DFS,3.090000245720148e-05,0.203125,6,True
139,5,DESKTOP-PCTS8TB,AMD Ryzen 7 7445HS w/ Radeon 740M Graphics,15.26,3.14.7,BFS,0.00018000000272877514,1.6953125,45,True
139,5,DESKTOP-PCTS8TB,AMD Ryzen 7 7445HS w/ Radeon 740M Graphics,15.26,3.14.7,DFS,3.0499999411404133e-05,0.203125,6,True
140,5,DESKTOP-PCTS8TB,AMD Ryzen 7 7445HS w/ Radeon 740M Graphics,15.26,3.14.7,BFS,0.00022139999782666564,1.6953125,45,True
140,5,DESKTOP-PCTS8TB,AMD Ryzen 7 7445HS w/ Radeon 740M Graphics,15.26,3.14.7,DFS,3.1400006264448166e-05,0.203125,6,True
141,5,DESKTOP-PCTS8TB,AMD Ryzen 7 7445HS w/ Radeon 740M Graphics,15.26,3.14.7,BFS,0.00022539999918080866,1.6953125,45,True
141,5,DESKTOP-PCTS8TB,AMD Ryzen 7 7445HS w/ Radeon 740M Graphics,15.26,3.14.7,DFS,2.849999873433262e-05,0.203125,6,True
142,5,DESKTOP-PCTS8TB,AMD Ryzen 7 7445HS w/ Radeon 740M Graphics,15.26,3.14.7,BFS,0.00016619999951217324,1.6953125,45,True
142,5,DESKTOP-PCTS8TB,AMD Ryzen 7 7445HS w/ Radeon 740M Graphics,15.26,3.14.7,DFS,2.7999994927085936e-05,0.203125,6,True
143,5,DESKTOP-PCTS8TB,AMD Ryzen 7 7445HS w/ Radeon 740M Graphics,15.26,3.14.7,BFS,0.00016290000348817557,1.6953125,45,True
143,5,DESKTOP-PCTS8TB,AMD Ryzen 7 7445HS w/ Radeon 740M Graphics,15.26,3.14.7,DFS,2.819999644998461e-05,0.203125,6,True
144,5,DESKTOP-PCTS8TB,AMD Ryzen 7 7445HS w/ Radeon 740M Graphics,15.26,3.14.7,BFS,0.0001931000006152317,1.6953125,45,True
144,5,DESKTOP-PCTS8TB,AMD Ryzen 7 7445HS w/ Radeon 740M Graphics,15.26,3.14.7,DFS,4.1799998143687844e-05,0.203125,6,True
145,5,DESKTOP-PCTS8TB,AMD Ryzen 7 7445HS w/ Radeon 740M Graphics,15.26,3.14.7,BFS,0.00022579998767469078,1.6953125,45,True
145,5,DESKTOP-PCTS8TB,AMD Ryzen 7 7445HS w/ Radeon 740M Graphics,15.26,3.14.7,DFS,2.8399997972883284e-05,0.203125,6,True
146,5,DESKTOP-PCTS8TB,AMD Ryzen 7 7445HS w/ Radeon 740M Graphics,15.26,3.14.7,BFS,0.0001657999964663759,1.6953125,45,True
146,5,DESKTOP-PCTS8TB,AMD Ryzen 7 7445HS w/ Radeon 740M Graphics,15.26,3.14.7,DFS,2.8299997211433947e-05,0.203125,6,True
147,5,DESKTOP-PCTS8TB,AMD Ryzen 7 7445HS w/ Radeon 740M Graphics,15.26,3.14.7,BFS,0.00016460000188089907,1.6953125,45,True
147,5,DESKTOP-PCTS8TB,AMD Ryzen 7 7445HS w/ Radeon 740M Graphics,15.26,3.14.7,DFS,2.7999994927085936e-05,0.203125,6,True
148,5,DESKTOP-PCTS8TB,AMD Ryzen 7 7445HS w/ Radeon 740M Graphics,15.26,3.14.7,BFS,0.00016060000052675605,1.6953125,45,True
148,5,DESKTOP-PCTS8TB,AMD Ryzen 7 7445HS w/ Radeon 740M Graphics,15.26,3.14.7,DFS,2.7900008717551827e-05,0.203125,6,True
149,5,DESKTOP-PCTS8TB,AMD Ryzen 7 7445HS w/ Radeon 740M Graphics,15.26,3.14.7,BFS,0.0001638999965507537,1.6953125,45,True
149,5,DESKTOP-PCTS8TB,AMD Ryzen 7 7445HS w/ Radeon 740M Graphics,15.26,3.14.7,DFS,2.7900008717551827e-05,0.203125,6,True
150,5,DESKTOP-PCTS8TB,AMD Ryzen 7 7445HS w/ Radeon 740M Graphics,15.26,3.14.7,BFS,0.00018390000332146883,1.6953125,45,True
150,5,DESKTOP-PCTS8TB,AMD Ryzen 7 7445HS w/ Radeon 740M Graphics,15.26,3.14.7,DFS,2.7999994927085936e-05,0.203125,6,True
151,5,DESKTOP-PCTS8TB,AMD Ryzen 7 7445HS w/ Radeon 740M Graphics,15.26,3.14.7,BFS,0.00016169999435078353,1.6953125,45,True
151,5,DESKTOP-PCTS8TB,AMD Ryzen 7 7445HS w/ Radeon 740M Graphics,15.26,3.14.7,DFS,2.750000567175448e-05,0.203125,6,True
152,5,DESKTOP-PCTS8TB,AMD Ryzen 7 7445HS w/ Radeon 740M Graphics,15.26,3.14.7,BFS,0.0001621999981580302,1.6953125,45,True
152,5,DESKTOP-PCTS8TB,AMD Ryzen 7 7445HS w/ Radeon 740M Graphics,15.26,3.14.7,DFS,2.7399990358389914e-05,0.203125,6,True
153,5,DESKTOP-PCTS8TB,AMD Ryzen 7 7445HS w/ Radeon 740M Graphics,15.26,3.14.7,BFS,0.00016039999900385737,1.6953125,45,True
153,5,DESKTOP-PCTS8TB,AMD Ryzen 7 7445HS w/ Radeon 740M Graphics,15.26,3.14.7,DFS,2.7400004910305142e-05,0.203125,6,True
154,5,DESKTOP-PCTS8TB,AMD Ryzen 7 7445HS w/ Radeon 740M Graphics,15.26,3.14.7,BFS,0.00015969999367371202,1.6953125,45,True
154,5,DESKTOP-PCTS8TB,AMD Ryzen 7 7445HS w/ Radeon 740M Graphics,15.26,3.14.7,DFS,2.7300004148855805e-05,0.203125,6,True
155,5,DESKTOP-PCTS8TB,AMD Ryzen 7 7445HS w/ Radeon 740M Graphics,15.26,3.14.7,BFS,0.0001581999968038872,1.6953125,45,True
155,5,DESKTOP-PCTS8TB,AMD Ryzen 7 7445HS w/ Radeon 740M Graphics,15.26,3.14.7,DFS,2.7099988074041903e-05,0.203125,6,True
156,5,DESKTOP-PCTS8TB,AMD Ryzen 7 7445HS w/ Radeon 740M Graphics,15.26,3.14.7,BFS,0.000159099989105016,1.6953125,45,True
156,5,DESKTOP-PCTS8TB,AMD Ryzen 7 7445HS w/ Radeon 740M Graphics,15.26,3.14.7,DFS,2.6900001103058457e-05,0.203125,6,True
157,5,DESKTOP-PCTS8TB,AMD Ryzen 7 7445HS w/ Radeon 740M Graphics,15.26,3.14.7,BFS,0.0001621999981580302,1.6953125,45,True
157,5,DESKTOP-PCTS8TB,AMD Ryzen 7 7445HS w/ Radeon 740M Graphics,15.26,3.14.7,DFS,2.7300004148855805e-05,0.203125,6,True
158,5,DESKTOP-PCTS8TB,AMD Ryzen 7 7445HS w/ Radeon 740M Graphics,15.26,3.14.7,BFS,0.0001618999958736822,1.6953125,45,True
158,5,DESKTOP-PCTS8TB,AMD Ryzen 7 7445HS w/ Radeon 740M Graphics,15.26,3.14.7,DFS,3.6600002204068005e-05,0.203125,6,True
159,5,DESKTOP-PCTS8TB,AMD Ryzen 7 7445HS w/ Radeon 740M Graphics,15.26,3.14.7,BFS,0.00019339998834766448,1.6953125,45,True
159,5,DESKTOP-PCTS8TB,AMD Ryzen 7 7445HS w/ Radeon 740M Graphics,15.26,3.14.7,DFS,2.720000338740647e-05,0.203125,6,True
160,5,DESKTOP-PCTS8TB,AMD Ryzen 7 7445HS w/ Radeon 740M Graphics,15.26,3.14.7,BFS,0.00019360000442247838,1.6953125,45,True
160,5,DESKTOP-PCTS8TB,AMD Ryzen 7 7445HS w/ Radeon 740M Graphics,15.26,3.14.7,DFS,2.8800001018680632e-05,0.203125,6,True
161,5,DESKTOP-PCTS8TB,AMD Ryzen 7 7445HS w/ Radeon 740M Graphics,15.26,3.14.7,BFS,0.0001601999974809587,1.6953125,45,True
161,5,DESKTOP-PCTS8TB,AMD Ryzen 7 7445HS w/ Radeon 740M Graphics,15.26,3.14.7,DFS,2.7700007194653153e-05,0.203125,6,True
162,5,DESKTOP-PCTS8TB,AMD Ryzen 7 7445HS w/ Radeon 740M Graphics,15.26,3.14.7,BFS,0.00017049998859874904,1.6953125,45,True
162,5,DESKTOP-PCTS8TB,AMD Ryzen 7 7445HS w/ Radeon 740M Graphics,15.26,3.14.7,DFS,4.440000338945538e-05,0.203125,6,True
163,5,DESKTOP-PCTS8TB,AMD Ryzen 7 7445HS w/ Radeon 740M Graphics,15.26,3.14.7,BFS,0.00023940000392030925,1.6953125,45,True
163,5,DESKTOP-PCTS8TB,AMD Ryzen 7 7445HS w/ Radeon 740M Graphics,15.26,3.14.7,DFS,3.2500000088475645e-05,0.203125,6,True
164,5,DESKTOP-PCTS8TB,AMD Ryzen 7 7445HS w/ Radeon 740M Graphics,15.26,3.14.7,BFS,0.00017800000205170363,1.6953125,45,True
164,5,DESKTOP-PCTS8TB,AMD Ryzen 7 7445HS w/ Radeon 740M Graphics,15.26,3.14.7,DFS,3.1499992473982275e-05,0.203125,6,True
165,5,DESKTOP-PCTS8TB,AMD Ryzen 7 7445HS w/ Radeon 740M Graphics,15.26,3.14.7,BFS,0.00018350000027567148,1.6953125,45,True
165,5,DESKTOP-PCTS8TB,AMD Ryzen 7 7445HS w/ Radeon 740M Graphics,15.26,3.14.7,DFS,4.4200001866556704e-05,0.203125,6,True
166,5,DESKTOP-PCTS8TB,AMD Ryzen 7 7445HS w/ Radeon 740M Graphics,15.26,3.14.7,BFS,0.0001812999980757013,1.6953125,45,True
166,5,DESKTOP-PCTS8TB,AMD Ryzen 7 7445HS w/ Radeon 740M Graphics,15.26,3.14.7,DFS,3.130000550299883e-05,0.203125,6,True
167,5,DESKTOP-PCTS8TB,AMD Ryzen 7 7445HS w/ Radeon 740M Graphics,15.26,3.14.7,BFS,0.0001795000134734437,1.6953125,45,True
167,5,DESKTOP-PCTS8TB,AMD Ryzen 7 7445HS w/ Radeon 740M Graphics,15.26,3.14.7,DFS,3.139999171253294e-05,0.203125,6,True
168,5,DESKTOP-PCTS8TB,AMD Ryzen 7 7445HS w/ Radeon 740M Graphics,15.26,3.14.7,BFS,0.00017829998978413641,1.6953125,45,True
168,5,DESKTOP-PCTS8TB,AMD Ryzen 7 7445HS w/ Radeon 740M Graphics,15.26,3.14.7,DFS,3.090000245720148e-05,0.203125,6,True
169,5,DESKTOP-PCTS8TB,AMD Ryzen 7 7445HS w/ Radeon 740M Graphics,15.26,3.14.7,BFS,0.00019779999274760485,1.6953125,45,True
169,5,DESKTOP-PCTS8TB,AMD Ryzen 7 7445HS w/ Radeon 740M Graphics,15.26,3.14.7,DFS,2.7799993404187262e-05,0.203125,6,True
170,5,DESKTOP-PCTS8TB,AMD Ryzen 7 7445HS w/ Radeon 740M Graphics,15.26,3.14.7,BFS,0.00018099999579135329,1.6953125,45,True
170,5,DESKTOP-PCTS8TB,AMD Ryzen 7 7445HS w/ Radeon 740M Graphics,15.26,3.14.7,DFS,3.759999526664615e-05,0.203125,6,True
171,5,DESKTOP-PCTS8TB,AMD Ryzen 7 7445HS w/ Radeon 740M Graphics,15.26,3.14.7,BFS,0.00016080000204965472,1.6953125,45,True
171,5,DESKTOP-PCTS8TB,AMD Ryzen 7 7445HS w/ Radeon 740M Graphics,15.26,3.14.7,DFS,2.7000001864507794e-05,0.203125,6,True
172,5,DESKTOP-PCTS8TB,AMD Ryzen 7 7445HS w/ Radeon 740M Graphics,15.26,3.14.7,BFS,0.00015940000594127923,1.6953125,45,True
172,5,DESKTOP-PCTS8TB,AMD Ryzen 7 7445HS w/ Radeon 740M Graphics,15.26,3.14.7,DFS,2.7300004148855805e-05,0.203125,6,True
173,5,DESKTOP-PCTS8TB,AMD Ryzen 7 7445HS w/ Radeon 740M Graphics,15.26,3.14.7,BFS,0.0001621999981580302,1.6953125,45,True
173,5,DESKTOP-PCTS8TB,AMD Ryzen 7 7445HS w/ Radeon 740M Graphics,15.26,3.14.7,DFS,2.7699992642737925e-05,0.203125,6,True
174,5,DESKTOP-PCTS8TB,AMD Ryzen 7 7445HS w/ Radeon 740M Graphics,15.26,3.14.7,BFS,0.0001613000058569014,1.6953125,45,True
174,5,DESKTOP-PCTS8TB,AMD Ryzen 7 7445HS w/ Radeon 740M Graphics,15.26,3.14.7,DFS,2.7700007194653153e-05,0.203125,6,True
175,5,DESKTOP-PCTS8TB,AMD Ryzen 7 7445HS w/ Radeon 740M Graphics,15.26,3.14.7,BFS,0.0001635999942664057,1.6953125,45,True
175,5,DESKTOP-PCTS8TB,AMD Ryzen 7 7445HS w/ Radeon 740M Graphics,15.26,3.14.7,DFS,2.849999873433262e-05,0.203125,6,True
176,5,DESKTOP-PCTS8TB,AMD Ryzen 7 7445HS w/ Radeon 740M Graphics,15.26,3.14.7,BFS,0.00016450000111944973,1.6953125,45,True
176,5,DESKTOP-PCTS8TB,AMD Ryzen 7 7445HS w/ Radeon 740M Graphics,15.26,3.14.7,DFS,2.7799993404187262e-05,0.203125,6,True
177,5,DESKTOP-PCTS8TB,AMD Ryzen 7 7445HS w/ Radeon 740M Graphics,15.26,3.14.7,BFS,0.00016149999282788485,1.6953125,45,True
177,5,DESKTOP-PCTS8TB,AMD Ryzen 7 7445HS w/ Radeon 740M Graphics,15.26,3.14.7,DFS,2.750000567175448e-05,0.203125,6,True
178,5,DESKTOP-PCTS8TB,AMD Ryzen 7 7445HS w/ Radeon 740M Graphics,15.26,3.14.7,BFS,0.00016029999824240804,1.6953125,45,True
178,5,DESKTOP-PCTS8TB,AMD Ryzen 7 7445HS w/ Radeon 740M Graphics,15.26,3.14.7,DFS,2.7400004910305142e-05,0.203125,6,True
179,5,DESKTOP-PCTS8TB,AMD Ryzen 7 7445HS w/ Radeon 740M Graphics,15.26,3.14.7,BFS,0.00017780000052880496,1.6953125,45,True
179,5,DESKTOP-PCTS8TB,AMD Ryzen 7 7445HS w/ Radeon 740M Graphics,15.26,3.14.7,DFS,2.95999925583601e-05,0.203125,6,True
180,5,DESKTOP-PCTS8TB,AMD Ryzen 7 7445HS w/ Radeon 740M Graphics,15.26,3.14.7,BFS,0.0001610000035725534,1.6953125,45,True
180,5,DESKTOP-PCTS8TB,AMD Ryzen 7 7445HS w/ Radeon 740M Graphics,15.26,3.14.7,DFS,2.7700007194653153e-05,0.203125,6,True
181,5,DESKTOP-PCTS8TB,AMD Ryzen 7 7445HS w/ Radeon 740M Graphics,15.26,3.14.7,BFS,0.00016490000416524708,1.6953125,45,True
181,5,DESKTOP-PCTS8TB,AMD Ryzen 7 7445HS w/ Radeon 740M Graphics,15.26,3.14.7,DFS,2.7999994927085936e-05,0.203125,6,True
182,5,DESKTOP-PCTS8TB,AMD Ryzen 7 7445HS w/ Radeon 740M Graphics,15.26,3.14.7,BFS,0.0001635999942664057,1.6953125,45,True
182,5,DESKTOP-PCTS8TB,AMD Ryzen 7 7445HS w/ Radeon 740M Graphics,15.26,3.14.7,DFS,2.7700007194653153e-05,0.203125,6,True
183,5,DESKTOP-PCTS8TB,AMD Ryzen 7 7445HS w/ Radeon 740M Graphics,15.26,3.14.7,BFS,0.00016090000281110406,1.6953125,45,True
183,5,DESKTOP-PCTS8TB,AMD Ryzen 7 7445HS w/ Radeon 740M Graphics,15.26,3.14.7,DFS,2.7700007194653153e-05,0.203125,6,True
184,5,DESKTOP-PCTS8TB,AMD Ryzen 7 7445HS w/ Radeon 740M Graphics,15.26,3.14.7,BFS,0.0001610000035725534,1.6953125,45,True
184,5,DESKTOP-PCTS8TB,AMD Ryzen 7 7445HS w/ Radeon 740M Graphics,15.26,3.14.7,DFS,2.7700007194653153e-05,0.203125,6,True
185,5,DESKTOP-PCTS8TB,AMD Ryzen 7 7445HS w/ Radeon 740M Graphics,15.26,3.14.7,BFS,0.0001638999965507537,1.6953125,45,True
185,5,DESKTOP-PCTS8TB,AMD Ryzen 7 7445HS w/ Radeon 740M Graphics,15.26,3.14.7,DFS,2.7700007194653153e-05,0.203125,6,True
186,5,DESKTOP-PCTS8TB,AMD Ryzen 7 7445HS w/ Radeon 740M Graphics,15.26,3.14.7,BFS,0.00016169999435078353,1.6953125,45,True
186,5,DESKTOP-PCTS8TB,AMD Ryzen 7 7445HS w/ Radeon 740M Graphics,15.26,3.14.7,DFS,2.7699992642737925e-05,0.203125,6,True
187,5,DESKTOP-PCTS8TB,AMD Ryzen 7 7445HS w/ Radeon 740M Graphics,15.26,3.14.7,BFS,0.00023019999207463115,1.6953125,45,True
187,5,DESKTOP-PCTS8TB,AMD Ryzen 7 7445HS w/ Radeon 740M Graphics,15.26,3.14.7,DFS,3.139999171253294e-05,0.203125,6,True
188,5,DESKTOP-PCTS8TB,AMD Ryzen 7 7445HS w/ Radeon 740M Graphics,15.26,3.14.7,BFS,0.0001647000026423484,1.6953125,45,True
188,5,DESKTOP-PCTS8TB,AMD Ryzen 7 7445HS w/ Radeon 740M Graphics,15.26,3.14.7,DFS,2.7999994927085936e-05,0.203125,6,True
189,5,DESKTOP-PCTS8TB,AMD Ryzen 7 7445HS w/ Radeon 740M Graphics,15.26,3.14.7,BFS,0.00021209999977145344,1.6953125,45,True
189,5,DESKTOP-PCTS8TB,AMD Ryzen 7 7445HS w/ Radeon 740M Graphics,15.26,3.14.7,DFS,2.8799986466765404e-05,0.203125,6,True
190,5,DESKTOP-PCTS8TB,AMD Ryzen 7 7445HS w/ Radeon 740M Graphics,15.26,3.14.7,BFS,0.00016599999798927456,1.6953125,45,True
190,5,DESKTOP-PCTS8TB,AMD Ryzen 7 7445HS w/ Radeon 740M Graphics,15.26,3.14.7,DFS,2.849999873433262e-05,0.203125,6,True
191,5,DESKTOP-PCTS8TB,AMD Ryzen 7 7445HS w/ Radeon 740M Graphics,15.26,3.14.7,BFS,0.00019289999909233302,1.6953125,45,True
191,5,DESKTOP-PCTS8TB,AMD Ryzen 7 7445HS w/ Radeon 740M Graphics,15.26,3.14.7,DFS,2.750000567175448e-05,0.203125,6,True
192,5,DESKTOP-PCTS8TB,AMD Ryzen 7 7445HS w/ Radeon 740M Graphics,15.26,3.14.7,BFS,0.00016069998673629016,1.6953125,45,True
192,5,DESKTOP-PCTS8TB,AMD Ryzen 7 7445HS w/ Radeon 740M Graphics,15.26,3.14.7,DFS,2.7599991881288588e-05,0.203125,6,True
193,5,DESKTOP-PCTS8TB,AMD Ryzen 7 7445HS w/ Radeon 740M Graphics,15.26,3.14.7,BFS,0.00017759999900590628,1.6953125,45,True
193,5,DESKTOP-PCTS8TB,AMD Ryzen 7 7445HS w/ Radeon 740M Graphics,15.26,3.14.7,DFS,3.0499999411404133e-05,0.203125,6,True
194,5,DESKTOP-PCTS8TB,AMD Ryzen 7 7445HS w/ Radeon 740M Graphics,15.26,3.14.7,BFS,0.00023940000392030925,1.6953125,45,True
194,5,DESKTOP-PCTS8TB,AMD Ryzen 7 7445HS w/ Radeon 740M Graphics,15.26,3.14.7,DFS,5.1700000767596066e-05,0.203125,6,True
195,5,DESKTOP-PCTS8TB,AMD Ryzen 7 7445HS w/ Radeon 740M Graphics,15.26,3.14.7,BFS,0.0003073999978369102,1.6953125,45,True
195,5,DESKTOP-PCTS8TB,AMD Ryzen 7 7445HS w/ Radeon 740M Graphics,15.26,3.14.7,DFS,5.230000533629209e-05,0.203125,6,True
196,5,DESKTOP-PCTS8TB,AMD Ryzen 7 7445HS w/ Radeon 740M Graphics,15.26,3.14.7,BFS,0.0002730999985942617,1.6953125,45,True
196,5,DESKTOP-PCTS8TB,AMD Ryzen 7 7445HS w/ Radeon 740M Graphics,15.26,3.14.7,DFS,5.57999883312732e-05,0.203125,6,True
197,5,DESKTOP-PCTS8TB,AMD Ryzen 7 7445HS w/ Radeon 740M Graphics,15.26,3.14.7,BFS,0.00019829999655485153,1.6953125,45,True
197,5,DESKTOP-PCTS8TB,AMD Ryzen 7 7445HS w/ Radeon 740M Graphics,15.26,3.14.7,DFS,2.9999995604157448e-05,0.203125,6,True
198,5,DESKTOP-PCTS8TB,AMD Ryzen 7 7445HS w/ Radeon 740M Graphics,15.26,3.14.7,BFS,0.00019320000137668103,1.6953125,45,True
198,5,DESKTOP-PCTS8TB,AMD Ryzen 7 7445HS w/ Radeon 740M Graphics,15.26,3.14.7,DFS,5.220000457484275e-05,0.203125,6,True
199,5,DESKTOP-PCTS8TB,AMD Ryzen 7 7445HS w/ Radeon 740M Graphics,15.26,3.14.7,BFS,0.00017600000137463212,1.6953125,45,True
199,5,DESKTOP-PCTS8TB,AMD Ryzen 7 7445HS w/ Radeon 740M Graphics,15.26,3.14.7,DFS,2.989999484270811e-05,0.203125,6,True
200,5,DESKTOP-PCTS8TB,AMD Ryzen 7 7445HS w/ Radeon 740M Graphics,15.26,3.14.7,BFS,0.00017299999308306724,1.6953125,45,True
200,5,DESKTOP-PCTS8TB,AMD Ryzen 7 7445HS w/ Radeon 740M Graphics,15.26,3.14.7,DFS,2.9300004825927317e-05,0.203125,6,True
201,6,DESKTOP-PCTS8TB,AMD Ryzen 7 7445HS w/ Radeon 740M Graphics,15.26,3.14.7,BFS,0.0007410999969579279,5.6953125,150,True
201,6,DESKTOP-PCTS8TB,AMD Ryzen 7 7445HS w/ Radeon 740M Graphics,15.26,3.14.7,DFS,0.00015799999528098851,0.3515625,32,True
202,6,DESKTOP-PCTS8TB,AMD Ryzen 7 7445HS w/ Radeon 740M Graphics,15.26,3.14.7,BFS,0.000683899997966364,2.9609375,150,True
202,6,DESKTOP-PCTS8TB,AMD Ryzen 7 7445HS w/ Radeon 740M Graphics,15.26,3.14.7,DFS,0.00015579999308101833,0.3515625,32,True
203,6,DESKTOP-PCTS8TB,AMD Ryzen 7 7445HS w/ Radeon 740M Graphics,15.26,3.14.7,BFS,0.0006677000055788085,2.9609375,150,True
203,6,DESKTOP-PCTS8TB,AMD Ryzen 7 7445HS w/ Radeon 740M Graphics,15.26,3.14.7,DFS,0.00015530000382568687,0.3515625,32,True
204,6,DESKTOP-PCTS8TB,AMD Ryzen 7 7445HS w/ Radeon 740M Graphics,15.26,3.14.7,BFS,0.0007769999938318506,2.9609375,150,True
204,6,DESKTOP-PCTS8TB,AMD Ryzen 7 7445HS w/ Radeon 740M Graphics,15.26,3.14.7,DFS,0.0001621999981580302,0.3515625,32,True
205,6,DESKTOP-PCTS8TB,AMD Ryzen 7 7445HS w/ Radeon 740M Graphics,15.26,3.14.7,BFS,0.0006712000031257048,2.9609375,150,True
205,6,DESKTOP-PCTS8TB,AMD Ryzen 7 7445HS w/ Radeon 740M Graphics,15.26,3.14.7,DFS,0.00015520000306423753,0.3515625,32,True
206,6,DESKTOP-PCTS8TB,AMD Ryzen 7 7445HS w/ Radeon 740M Graphics,15.26,3.14.7,BFS,0.0010111000010510907,2.9609375,150,True
206,6,DESKTOP-PCTS8TB,AMD Ryzen 7 7445HS w/ Radeon 740M Graphics,15.26,3.14.7,DFS,0.0001571000029798597,0.3515625,32,True
207,6,DESKTOP-PCTS8TB,AMD Ryzen 7 7445HS w/ Radeon 740M Graphics,15.26,3.14.7,BFS,0.0006671000010101125,2.9609375,150,True
207,6,DESKTOP-PCTS8TB,AMD Ryzen 7 7445HS w/ Radeon 740M Graphics,15.26,3.14.7,DFS,0.00015469999925699085,0.3515625,32,True
208,6,DESKTOP-PCTS8TB,AMD Ryzen 7 7445HS w/ Radeon 740M Graphics,15.26,3.14.7,BFS,0.0007273000082932413,2.9609375,150,True
208,6,DESKTOP-PCTS8TB,AMD Ryzen 7 7445HS w/ Radeon 740M Graphics,15.26,3.14.7,DFS,0.00015560000611003488,0.3515625,32,True
209,6,DESKTOP-PCTS8TB,AMD Ryzen 7 7445HS w/ Radeon 740M Graphics,15.26,3.14.7,BFS,0.0006989999965298921,2.9609375,150,True
209,6,DESKTOP-PCTS8TB,AMD Ryzen 7 7445HS w/ Radeon 740M Graphics,15.26,3.14.7,DFS,0.00014350000128615648,0.3515625,32,True
210,6,DESKTOP-PCTS8TB,AMD Ryzen 7 7445HS w/ Radeon 740M Graphics,15.26,3.14.7,BFS,0.0006339999963529408,2.9609375,150,True
210,6,DESKTOP-PCTS8TB,AMD Ryzen 7 7445HS w/ Radeon 740M Graphics,15.26,3.14.7,DFS,0.00014439999358728528,0.3515625,32,True
211,6,DESKTOP-PCTS8TB,AMD Ryzen 7 7445HS w/ Radeon 740M Graphics,15.26,3.14.7,BFS,0.0006246999982977286,2.9609375,150,True
211,6,DESKTOP-PCTS8TB,AMD Ryzen 7 7445HS w/ Radeon 740M Graphics,15.26,3.14.7,DFS,0.00014429999282583594,0.3515625,32,True
212,6,DESKTOP-PCTS8TB,AMD Ryzen 7 7445HS w/ Radeon 740M Graphics,15.26,3.14.7,BFS,0.0006104999920353293,2.9609375,150,True
212,6,DESKTOP-PCTS8TB,AMD Ryzen 7 7445HS w/ Radeon 740M Graphics,15.26,3.14.7,DFS,0.00014309999824035913,0.3515625,32,True
213,6,DESKTOP-PCTS8TB,AMD Ryzen 7 7445HS w/ Radeon 740M Graphics,15.26,3.14.7,BFS,0.0006264999974519014,2.9609375,150,True
213,6,DESKTOP-PCTS8TB,AMD Ryzen 7 7445HS w/ Radeon 740M Graphics,15.26,3.14.7,DFS,0.00014069999451749027,0.3515625,32,True
214,6,DESKTOP-PCTS8TB,AMD Ryzen 7 7445HS w/ Radeon 740M Graphics,15.26,3.14.7,BFS,0.0009135000000242144,2.9609375,150,True
214,6,DESKTOP-PCTS8TB,AMD Ryzen 7 7445HS w/ Radeon 740M Graphics,15.26,3.14.7,DFS,0.00022360000002663583,0.3515625,32,True
215,6,DESKTOP-PCTS8TB,AMD Ryzen 7 7445HS w/ Radeon 740M Graphics,15.26,3.14.7,BFS,0.0007298999989870936,2.9609375,150,True
215,6,DESKTOP-PCTS8TB,AMD Ryzen 7 7445HS w/ Radeon 740M Graphics,15.26,3.14.7,DFS,0.00016060000052675605,0.3515625,32,True
216,6,DESKTOP-PCTS8TB,AMD Ryzen 7 7445HS w/ Radeon 740M Graphics,15.26,3.14.7,BFS,0.0005880000098841265,2.9609375,150,True
216,6,DESKTOP-PCTS8TB,AMD Ryzen 7 7445HS w/ Radeon 740M Graphics,15.26,3.14.7,DFS,0.00012980001338291913,0.3515625,32,True
217,6,DESKTOP-PCTS8TB,AMD Ryzen 7 7445HS w/ Radeon 740M Graphics,15.26,3.14.7,BFS,0.0005983000010019168,2.9609375,150,True
217,6,DESKTOP-PCTS8TB,AMD Ryzen 7 7445HS w/ Radeon 740M Graphics,15.26,3.14.7,DFS,0.00015380000695586205,0.3515625,32,True
218,6,DESKTOP-PCTS8TB,AMD Ryzen 7 7445HS w/ Radeon 740M Graphics,15.26,3.14.7,BFS,0.0007706000033067539,2.9609375,150,True
218,6,DESKTOP-PCTS8TB,AMD Ryzen 7 7445HS w/ Radeon 740M Graphics,15.26,3.14.7,DFS,0.00014199998986441642,0.3515625,32,True
219,6,DESKTOP-PCTS8TB,AMD Ryzen 7 7445HS w/ Radeon 740M Graphics,15.26,3.14.7,BFS,0.0006141000048955902,2.9609375,150,True
219,6,DESKTOP-PCTS8TB,AMD Ryzen 7 7445HS w/ Radeon 740M Graphics,15.26,3.14.7,DFS,0.00014309999824035913,0.3515625,32,True
220,6,DESKTOP-PCTS8TB,AMD Ryzen 7 7445HS w/ Radeon 740M Graphics,15.26,3.14.7,BFS,0.0006286999996518716,2.9609375,150,True
220,6,DESKTOP-PCTS8TB,AMD Ryzen 7 7445HS w/ Radeon 740M Graphics,15.26,3.14.7,DFS,0.00014260000898502767,0.3515625,32,True
221,6,DESKTOP-PCTS8TB,AMD Ryzen 7 7445HS w/ Radeon 740M Graphics,15.26,3.14.7,BFS,0.0006180000054882839,2.9609375,150,True
221,6,DESKTOP-PCTS8TB,AMD Ryzen 7 7445HS w/ Radeon 740M Graphics,15.26,3.14.7,DFS,0.0001416000013705343,0.3515625,32,True
222,6,DESKTOP-PCTS8TB,AMD Ryzen 7 7445HS w/ Radeon 740M Graphics,15.26,3.14.7,BFS,0.0007063999946694821,2.9609375,150,True
222,6,DESKTOP-PCTS8TB,AMD Ryzen 7 7445HS w/ Radeon 740M Graphics,15.26,3.14.7,DFS,0.000199399990378879,0.3515625,32,True
223,6,DESKTOP-PCTS8TB,AMD Ryzen 7 7445HS w/ Radeon 740M Graphics,15.26,3.14.7,BFS,0.0006221999938134104,2.9609375,150,True
223,6,DESKTOP-PCTS8TB,AMD Ryzen 7 7445HS w/ Radeon 740M Graphics,15.26,3.14.7,DFS,0.00014139999984763563,0.3515625,32,True
224,6,DESKTOP-PCTS8TB,AMD Ryzen 7 7445HS w/ Radeon 740M Graphics,15.26,3.14.7,BFS,0.0006081000028643757,2.9609375,150,True
224,6,DESKTOP-PCTS8TB,AMD Ryzen 7 7445HS w/ Radeon 740M Graphics,15.26,3.14.7,DFS,0.00014220000593923032,0.3515625,32,True
225,6,DESKTOP-PCTS8TB,AMD Ryzen 7 7445HS w/ Radeon 740M Graphics,15.26,3.14.7,BFS,0.0006065000052331015,2.9609375,150,True
225,6,DESKTOP-PCTS8TB,AMD Ryzen 7 7445HS w/ Radeon 740M Graphics,15.26,3.14.7,DFS,0.00014279999595601112,0.3515625,32,True
226,6,DESKTOP-PCTS8TB,AMD Ryzen 7 7445HS w/ Radeon 740M Graphics,15.26,3.14.7,BFS,0.0006260999944061041,2.9609375,150,True
226,6,DESKTOP-PCTS8TB,AMD Ryzen 7 7445HS w/ Radeon 740M Graphics,15.26,3.14.7,DFS,0.00014460000966209918,0.3515625,32,True
227,6,DESKTOP-PCTS8TB,AMD Ryzen 7 7445HS w/ Radeon 740M Graphics,15.26,3.14.7,BFS,0.0006078000005800277,2.9609375,150,True
227,6,DESKTOP-PCTS8TB,AMD Ryzen 7 7445HS w/ Radeon 740M Graphics,15.26,3.14.7,DFS,0.00014000000373926014,0.3515625,32,True
228,6,DESKTOP-PCTS8TB,AMD Ryzen 7 7445HS w/ Radeon 740M Graphics,15.26,3.14.7,BFS,0.0005992000078549609,2.9609375,150,True
228,6,DESKTOP-PCTS8TB,AMD Ryzen 7 7445HS w/ Radeon 740M Graphics,15.26,3.14.7,DFS,0.00015330000314861536,0.3515625,32,True
229,6,DESKTOP-PCTS8TB,AMD Ryzen 7 7445HS w/ Radeon 740M Graphics,15.26,3.14.7,BFS,0.0006142000056570396,2.9609375,150,True
229,6,DESKTOP-PCTS8TB,AMD Ryzen 7 7445HS w/ Radeon 740M Graphics,15.26,3.14.7,DFS,0.0001407000090694055,0.3515625,32,True
230,6,DESKTOP-PCTS8TB,AMD Ryzen 7 7445HS w/ Radeon 740M Graphics,15.26,3.14.7,BFS,0.0006102999905124307,2.9609375,150,True
230,6,DESKTOP-PCTS8TB,AMD Ryzen 7 7445HS w/ Radeon 740M Graphics,15.26,3.14.7,DFS,0.00014220000593923032,0.3515625,32,True
231,6,DESKTOP-PCTS8TB,AMD Ryzen 7 7445HS w/ Radeon 740M Graphics,15.26,3.14.7,BFS,0.0006813999934820458,2.9609375,150,True
231,6,DESKTOP-PCTS8TB,AMD Ryzen 7 7445HS w/ Radeon 740M Graphics,15.26,3.14.7,DFS,0.00020559999393299222,0.3515625,32,True
232,6,DESKTOP-PCTS8TB,AMD Ryzen 7 7445HS w/ Radeon 740M Graphics,15.26,3.14.7,BFS,0.0007615999929839745,2.9609375,150,True
232,6,DESKTOP-PCTS8TB,AMD Ryzen 7 7445HS w/ Radeon 740M Graphics,15.26,3.14.7,DFS,0.00013640000543091446,0.3515625,32,True
233,6,DESKTOP-PCTS8TB,AMD Ryzen 7 7445HS w/ Radeon 740M Graphics,15.26,3.14.7,BFS,0.0006152999994810671,2.9609375,150,True
233,6,DESKTOP-PCTS8TB,AMD Ryzen 7 7445HS w/ Radeon 740M Graphics,15.26,3.14.7,DFS,0.00013359999866224825,0.3515625,32,True
234,6,DESKTOP-PCTS8TB,AMD Ryzen 7 7445HS w/ Radeon 740M Graphics,15.26,3.14.7,BFS,0.0007251999923028052,2.9609375,150,True
234,6,DESKTOP-PCTS8TB,AMD Ryzen 7 7445HS w/ Radeon 740M Graphics,15.26,3.14.7,DFS,0.0001581999968038872,0.3515625,32,True
235,6,DESKTOP-PCTS8TB,AMD Ryzen 7 7445HS w/ Radeon 740M Graphics,15.26,3.14.7,BFS,0.0006767000013496727,2.9609375,150,True
235,6,DESKTOP-PCTS8TB,AMD Ryzen 7 7445HS w/ Radeon 740M Graphics,15.26,3.14.7,DFS,0.00039259999175556004,0.3515625,32,True
236,6,DESKTOP-PCTS8TB,AMD Ryzen 7 7445HS w/ Radeon 740M Graphics,15.26,3.14.7,BFS,0.0006333000055747107,2.9609375,150,True
236,6,DESKTOP-PCTS8TB,AMD Ryzen 7 7445HS w/ Radeon 740M Graphics,15.26,3.14.7,DFS,0.00014479999663308263,0.3515625,32,True
237,6,DESKTOP-PCTS8TB,AMD Ryzen 7 7445HS w/ Radeon 740M Graphics,15.26,3.14.7,BFS,0.0006285999988904223,2.9609375,150,True
237,6,DESKTOP-PCTS8TB,AMD Ryzen 7 7445HS w/ Radeon 740M Graphics,15.26,3.14.7,DFS,0.0001618999958736822,0.3515625,32,True
238,6,DESKTOP-PCTS8TB,AMD Ryzen 7 7445HS w/ Radeon 740M Graphics,15.26,3.14.7,BFS,0.0006228999991435558,2.9609375,150,True
238,6,DESKTOP-PCTS8TB,AMD Ryzen 7 7445HS w/ Radeon 740M Graphics,15.26,3.14.7,DFS,0.0001421999913873151,0.3515625,32,True
239,6,DESKTOP-PCTS8TB,AMD Ryzen 7 7445HS w/ Radeon 740M Graphics,15.26,3.14.7,BFS,0.000763299991376698,2.9609375,150,True
239,6,DESKTOP-PCTS8TB,AMD Ryzen 7 7445HS w/ Radeon 740M Graphics,15.26,3.14.7,DFS,0.0001497999910498038,0.3515625,32,True
240,6,DESKTOP-PCTS8TB,AMD Ryzen 7 7445HS w/ Radeon 740M Graphics,15.26,3.14.7,BFS,0.0006366999878082424,2.9609375,150,True
240,6,DESKTOP-PCTS8TB,AMD Ryzen 7 7445HS w/ Radeon 740M Graphics,15.26,3.14.7,DFS,0.00014569998893421143,0.3515625,32,True
241,6,DESKTOP-PCTS8TB,AMD Ryzen 7 7445HS w/ Radeon 740M Graphics,15.26,3.14.7,BFS,0.0006767000013496727,2.9609375,150,True
241,6,DESKTOP-PCTS8TB,AMD Ryzen 7 7445HS w/ Radeon 740M Graphics,15.26,3.14.7,DFS,0.00015919998986646533,0.3515625,32,True
242,6,DESKTOP-PCTS8TB,AMD Ryzen 7 7445HS w/ Radeon 740M Graphics,15.26,3.14.7,BFS,0.0006851000071037561,2.9609375,150,True
242,6,DESKTOP-PCTS8TB,AMD Ryzen 7 7445HS w/ Radeon 740M Graphics,15.26,3.14.7,DFS,0.00014450000890064985,0.3515625,32,True
243,6,DESKTOP-PCTS8TB,AMD Ryzen 7 7445HS w/ Radeon 740M Graphics,15.26,3.14.7,BFS,0.0006304999988060445,2.9609375,150,True
243,6,DESKTOP-PCTS8TB,AMD Ryzen 7 7445HS w/ Radeon 740M Graphics,15.26,3.14.7,DFS,0.00021070000366307795,0.3515625,32,True
244,6,DESKTOP-PCTS8TB,AMD Ryzen 7 7445HS w/ Radeon 740M Graphics,15.26,3.14.7,BFS,0.0007181999972090125,2.9609375,150,True
244,6,DESKTOP-PCTS8TB,AMD Ryzen 7 7445HS w/ Radeon 740M Graphics,15.26,3.14.7,DFS,0.0002734000008786097,0.3515625,32,True
245,6,DESKTOP-PCTS8TB,AMD Ryzen 7 7445HS w/ Radeon 740M Graphics,15.26,3.14.7,BFS,0.0009470999939367175,2.9609375,150,True
245,6,DESKTOP-PCTS8TB,AMD Ryzen 7 7445HS w/ Radeon 740M Graphics,15.26,3.14.7,DFS,0.00015920000441838056,0.3515625,32,True
246,6,DESKTOP-PCTS8TB,AMD Ryzen 7 7445HS w/ Radeon 740M Graphics,15.26,3.14.7,BFS,0.0006387000030372292,2.9609375,150,True
246,6,DESKTOP-PCTS8TB,AMD Ryzen 7 7445HS w/ Radeon 740M Graphics,15.26,3.14.7,DFS,0.00014319999900180846,0.3515625,32,True
247,6,DESKTOP-PCTS8TB,AMD Ryzen 7 7445HS w/ Radeon 740M Graphics,15.26,3.14.7,BFS,0.0006455000111600384,2.9609375,150,True
247,6,DESKTOP-PCTS8TB,AMD Ryzen 7 7445HS w/ Radeon 740M Graphics,15.26,3.14.7,DFS,0.0001419000036548823,0.3515625,32,True
248,6,DESKTOP-PCTS8TB,AMD Ryzen 7 7445HS w/ Radeon 740M Graphics,15.26,3.14.7,BFS,0.0006236000044737011,2.9609375,150,True
248,6,DESKTOP-PCTS8TB,AMD Ryzen 7 7445HS w/ Radeon 740M Graphics,15.26,3.14.7,DFS,0.00014220000593923032,0.3515625,32,True
249,6,DESKTOP-PCTS8TB,AMD Ryzen 7 7445HS w/ Radeon 740M Graphics,15.26,3.14.7,BFS,0.0006129999965196475,2.9609375,150,True
249,6,DESKTOP-PCTS8TB,AMD Ryzen 7 7445HS w/ Radeon 740M Graphics,15.26,3.14.7,DFS,0.00014480001118499786,0.3515625,32,True
250,6,DESKTOP-PCTS8TB,AMD Ryzen 7 7445HS w/ Radeon 740M Graphics,15.26,3.14.7,BFS,0.0006237000052351505,2.9609375,150,True
250,6,DESKTOP-PCTS8TB,AMD Ryzen 7 7445HS w/ Radeon 740M Graphics,15.26,3.14.7,DFS,0.00014180000289343297,0.3515625,32,True
251,6,DESKTOP-PCTS8TB,AMD Ryzen 7 7445HS w/ Radeon 740M Graphics,15.26,3.14.7,BFS,0.0006108000088715926,2.9609375,150,True
251,6,DESKTOP-PCTS8TB,AMD Ryzen 7 7445HS w/ Radeon 740M Graphics,15.26,3.14.7,DFS,0.0001421999913873151,0.3515625,32,True
252,6,DESKTOP-PCTS8TB,AMD Ryzen 7 7445HS w/ Radeon 740M Graphics,15.26,3.14.7,BFS,0.0006052999960957095,2.9609375,150,True
252,6,DESKTOP-PCTS8TB,AMD Ryzen 7 7445HS w/ Radeon 740M Graphics,15.26,3.14.7,DFS,0.0001478000049246475,0.3515625,32,True
253,6,DESKTOP-PCTS8TB,AMD Ryzen 7 7445HS w/ Radeon 740M Graphics,15.26,3.14.7,BFS,0.0006041000015102327,2.9609375,150,True
253,6,DESKTOP-PCTS8TB,AMD Ryzen 7 7445HS w/ Radeon 740M Graphics,15.26,3.14.7,DFS,0.00013980000221636146,0.3515625,32,True
254,6,DESKTOP-PCTS8TB,AMD Ryzen 7 7445HS w/ Radeon 740M Graphics,15.26,3.14.7,BFS,0.000607599999057129,2.9609375,150,True
254,6,DESKTOP-PCTS8TB,AMD Ryzen 7 7445HS w/ Radeon 740M Graphics,15.26,3.14.7,DFS,0.00014040000678505749,0.3515625,32,True
255,6,DESKTOP-PCTS8TB,AMD Ryzen 7 7445HS w/ Radeon 740M Graphics,15.26,3.14.7,BFS,0.0006165999948279932,2.9609375,150,True
255,6,DESKTOP-PCTS8TB,AMD Ryzen 7 7445HS w/ Radeon 740M Graphics,15.26,3.14.7,DFS,0.00013929999840911478,0.3515625,32,True
256,6,DESKTOP-PCTS8TB,AMD Ryzen 7 7445HS w/ Radeon 740M Graphics,15.26,3.14.7,BFS,0.0007713999948464334,2.9609375,150,True
256,6,DESKTOP-PCTS8TB,AMD Ryzen 7 7445HS w/ Radeon 740M Graphics,15.26,3.14.7,DFS,0.00014940000255592167,0.3515625,32,True
257,6,DESKTOP-PCTS8TB,AMD Ryzen 7 7445HS w/ Radeon 740M Graphics,15.26,3.14.7,BFS,0.0006683999963570386,2.9609375,150,True
257,6,DESKTOP-PCTS8TB,AMD Ryzen 7 7445HS w/ Radeon 740M Graphics,15.26,3.14.7,DFS,0.00014619999274145812,0.3515625,32,True
258,6,DESKTOP-PCTS8TB,AMD Ryzen 7 7445HS w/ Radeon 740M Graphics,15.26,3.14.7,BFS,0.0006342999986372888,2.9609375,150,True
258,6,DESKTOP-PCTS8TB,AMD Ryzen 7 7445HS w/ Radeon 740M Graphics,15.26,3.14.7,DFS,0.00014489999739453197,0.3515625,32,True
259,6,DESKTOP-PCTS8TB,AMD Ryzen 7 7445HS w/ Radeon 740M Graphics,15.26,3.14.7,BFS,0.0006165999948279932,2.9609375,150,True
259,6,DESKTOP-PCTS8TB,AMD Ryzen 7 7445HS w/ Radeon 740M Graphics,15.26,3.14.7,DFS,0.0001432999997632578,0.3515625,32,True
260,6,DESKTOP-PCTS8TB,AMD Ryzen 7 7445HS w/ Radeon 740M Graphics,15.26,3.14.7,BFS,0.00061860001005698,2.9609375,150,True
260,6,DESKTOP-PCTS8TB,AMD Ryzen 7 7445HS w/ Radeon 740M Graphics,15.26,3.14.7,DFS,0.00014229999214876443,0.3515625,32,True
261,6,DESKTOP-PCTS8TB,AMD Ryzen 7 7445HS w/ Radeon 740M Graphics,15.26,3.14.7,BFS,0.0006258000066736713,2.9609375,150,True
261,6,DESKTOP-PCTS8TB,AMD Ryzen 7 7445HS w/ Radeon 740M Graphics,15.26,3.14.7,DFS,0.0001436000020476058,0.3515625,32,True
262,6,DESKTOP-PCTS8TB,AMD Ryzen 7 7445HS w/ Radeon 740M Graphics,15.26,3.14.7,BFS,0.0006199999916134402,2.9609375,150,True
262,6,DESKTOP-PCTS8TB,AMD Ryzen 7 7445HS w/ Radeon 740M Graphics,15.26,3.14.7,DFS,0.0001399000029778108,0.3515625,32,True
263,6,DESKTOP-PCTS8TB,AMD Ryzen 7 7445HS w/ Radeon 740M Graphics,15.26,3.14.7,BFS,0.000625400003627874,2.9609375,150,True
263,6,DESKTOP-PCTS8TB,AMD Ryzen 7 7445HS w/ Radeon 740M Graphics,15.26,3.14.7,DFS,0.00014350000128615648,0.3515625,32,True
264,6,DESKTOP-PCTS8TB,AMD Ryzen 7 7445HS w/ Radeon 740M Graphics,15.26,3.14.7,BFS,0.0006198000046424568,2.9609375,150,True
264,6,DESKTOP-PCTS8TB,AMD Ryzen 7 7445HS w/ Radeon 740M Graphics,15.26,3.14.7,DFS,0.00014180000289343297,0.3515625,32,True
265,6,DESKTOP-PCTS8TB,AMD Ryzen 7 7445HS w/ Radeon 740M Graphics,15.26,3.14.7,BFS,0.0006871999939903617,2.9609375,150,True
265,6,DESKTOP-PCTS8TB,AMD Ryzen 7 7445HS w/ Radeon 740M Graphics,15.26,3.14.7,DFS,0.000142700009746477,0.3515625,32,True
266,6,DESKTOP-PCTS8TB,AMD Ryzen 7 7445HS w/ Radeon 740M Graphics,15.26,3.14.7,BFS,0.0006802999996580184,2.9609375,150,True
266,6,DESKTOP-PCTS8TB,AMD Ryzen 7 7445HS w/ Radeon 740M Graphics,15.26,3.14.7,DFS,0.0001525000116089359,0.3515625,32,True
267,6,DESKTOP-PCTS8TB,AMD Ryzen 7 7445HS w/ Radeon 740M Graphics,15.26,3.14.7,BFS,0.0006529999955091625,2.9609375,150,True
267,6,DESKTOP-PCTS8TB,AMD Ryzen 7 7445HS w/ Radeon 740M Graphics,15.26,3.14.7,DFS,0.0001432999997632578,0.3515625,32,True
268,6,DESKTOP-PCTS8TB,AMD Ryzen 7 7445HS w/ Radeon 740M Graphics,15.26,3.14.7,BFS,0.0006315999926300719,2.9609375,150,True
268,6,DESKTOP-PCTS8TB,AMD Ryzen 7 7445HS w/ Radeon 740M Graphics,15.26,3.14.7,DFS,0.00014099999680183828,0.3515625,32,True
269,6,DESKTOP-PCTS8TB,AMD Ryzen 7 7445HS w/ Radeon 740M Graphics,15.26,3.14.7,BFS,0.0006195000023581088,2.9609375,150,True
269,6,DESKTOP-PCTS8TB,AMD Ryzen 7 7445HS w/ Radeon 740M Graphics,15.26,3.14.7,DFS,0.00014089999604038894,0.3515625,32,True
270,6,DESKTOP-PCTS8TB,AMD Ryzen 7 7445HS w/ Radeon 740M Graphics,15.26,3.14.7,BFS,0.0006143000064184889,2.9609375,150,True
270,6,DESKTOP-PCTS8TB,AMD Ryzen 7 7445HS w/ Radeon 740M Graphics,15.26,3.14.7,DFS,0.00014760000340174884,0.3515625,32,True
271,6,DESKTOP-PCTS8TB,AMD Ryzen 7 7445HS w/ Radeon 740M Graphics,15.26,3.14.7,BFS,0.0006138000026112422,2.9609375,150,True
271,6,DESKTOP-PCTS8TB,AMD Ryzen 7 7445HS w/ Radeon 740M Graphics,15.26,3.14.7,DFS,0.00016599999798927456,0.3515625,32,True
272,6,DESKTOP-PCTS8TB,AMD Ryzen 7 7445HS w/ Radeon 740M Graphics,15.26,3.14.7,BFS,0.001222899998538196,2.9609375,150,True
272,6,DESKTOP-PCTS8TB,AMD Ryzen 7 7445HS w/ Radeon 740M Graphics,15.26,3.14.7,DFS,0.0001615999935893342,0.3515625,32,True
273,6,DESKTOP-PCTS8TB,AMD Ryzen 7 7445HS w/ Radeon 740M Graphics,15.26,3.14.7,BFS,0.0006527999939862639,2.9609375,150,True
273,6,DESKTOP-PCTS8TB,AMD Ryzen 7 7445HS w/ Radeon 740M Graphics,15.26,3.14.7,DFS,0.00014609999198000878,0.3515625,32,True
274,6,DESKTOP-PCTS8TB,AMD Ryzen 7 7445HS w/ Radeon 740M Graphics,15.26,3.14.7,BFS,0.0006686999986413866,2.9609375,150,True
274,6,DESKTOP-PCTS8TB,AMD Ryzen 7 7445HS w/ Radeon 740M Graphics,15.26,3.14.7,DFS,0.0001576000067871064,0.3515625,32,True
275,6,DESKTOP-PCTS8TB,AMD Ryzen 7 7445HS w/ Radeon 740M Graphics,15.26,3.14.7,BFS,0.0007226000016089529,2.9609375,150,True
275,6,DESKTOP-PCTS8TB,AMD Ryzen 7 7445HS w/ Radeon 740M Graphics,15.26,3.14.7,DFS,0.0001584999990882352,0.3515625,32,True
276,6,DESKTOP-PCTS8TB,AMD Ryzen 7 7445HS w/ Radeon 740M Graphics,15.26,3.14.7,BFS,0.0006852000078652054,2.9609375,150,True
276,6,DESKTOP-PCTS8TB,AMD Ryzen 7 7445HS w/ Radeon 740M Graphics,15.26,3.14.7,DFS,0.00015829999756533653,0.3515625,32,True
277,6,DESKTOP-PCTS8TB,AMD Ryzen 7 7445HS w/ Radeon 740M Graphics,15.26,3.14.7,BFS,0.0006451000081142411,2.9609375,150,True
277,6,DESKTOP-PCTS8TB,AMD Ryzen 7 7445HS w/ Radeon 740M Graphics,15.26,3.14.7,DFS,0.00014239999291021377,0.3515625,32,True
278,6,DESKTOP-PCTS8TB,AMD Ryzen 7 7445HS w/ Radeon 740M Graphics,15.26,3.14.7,BFS,0.0006485999911092222,2.9609375,150,True
278,6,DESKTOP-PCTS8TB,AMD Ryzen 7 7445HS w/ Radeon 740M Graphics,15.26,3.14.7,DFS,0.00014609999198000878,0.3515625,32,True
279,6,DESKTOP-PCTS8TB,AMD Ryzen 7 7445HS w/ Radeon 740M Graphics,15.26,3.14.7,BFS,0.0006307000003289431,2.9609375,150,True
279,6,DESKTOP-PCTS8TB,AMD Ryzen 7 7445HS w/ Radeon 740M Graphics,15.26,3.14.7,DFS,0.00014569998893421143,0.3515625,32,True
280,6,DESKTOP-PCTS8TB,AMD Ryzen 7 7445HS w/ Radeon 740M Graphics,15.26,3.14.7,BFS,0.0006699000077787787,2.9609375,150,True
280,6,DESKTOP-PCTS8TB,AMD Ryzen 7 7445HS w/ Radeon 740M Graphics,15.26,3.14.7,DFS,0.00014570000348612666,0.3515625,32,True
281,6,DESKTOP-PCTS8TB,AMD Ryzen 7 7445HS w/ Radeon 740M Graphics,15.26,3.14.7,BFS,0.0008736000017961487,2.9609375,150,True
281,6,DESKTOP-PCTS8TB,AMD Ryzen 7 7445HS w/ Radeon 740M Graphics,15.26,3.14.7,DFS,0.00015320000238716602,0.3515625,32,True
282,6,DESKTOP-PCTS8TB,AMD Ryzen 7 7445HS w/ Radeon 740M Graphics,15.26,3.14.7,BFS,0.0007867000094847754,2.9609375,150,True
282,6,DESKTOP-PCTS8TB,AMD Ryzen 7 7445HS w/ Radeon 740M Graphics,15.26,3.14.7,DFS,0.00013210000179242343,0.3515625,32,True
283,6,DESKTOP-PCTS8TB,AMD Ryzen 7 7445HS w/ Radeon 740M Graphics,15.26,3.14.7,BFS,0.0005641000025207177,2.9609375,150,True
283,6,DESKTOP-PCTS8TB,AMD Ryzen 7 7445HS w/ Radeon 740M Graphics,15.26,3.14.7,DFS,0.00013100000796839595,0.3515625,32,True
284,6,DESKTOP-PCTS8TB,AMD Ryzen 7 7445HS w/ Radeon 740M Graphics,15.26,3.14.7,BFS,0.0006556000007549301,2.9609375,150,True
284,6,DESKTOP-PCTS8TB,AMD Ryzen 7 7445HS w/ Radeon 740M Graphics,15.26,3.14.7,DFS,0.0001534999901195988,0.3515625,32,True
285,6,DESKTOP-PCTS8TB,AMD Ryzen 7 7445HS w/ Radeon 740M Graphics,15.26,3.14.7,BFS,0.0006770000036340207,2.9609375,150,True
285,6,DESKTOP-PCTS8TB,AMD Ryzen 7 7445HS w/ Radeon 740M Graphics,15.26,3.14.7,DFS,0.00015560000611003488,0.3515625,32,True
286,6,DESKTOP-PCTS8TB,AMD Ryzen 7 7445HS w/ Radeon 740M Graphics,15.26,3.14.7,BFS,0.00068450000253506,2.9609375,150,True
286,6,DESKTOP-PCTS8TB,AMD Ryzen 7 7445HS w/ Radeon 740M Graphics,15.26,3.14.7,DFS,0.00015379999240394682,0.3515625,32,True
287,6,DESKTOP-PCTS8TB,AMD Ryzen 7 7445HS w/ Radeon 740M Graphics,15.26,3.14.7,BFS,0.0009082000033231452,2.9609375,150,True
287,6,DESKTOP-PCTS8TB,AMD Ryzen 7 7445HS w/ Radeon 740M Graphics,15.26,3.14.7,DFS,0.0002454000059515238,0.3515625,32,True
288,6,DESKTOP-PCTS8TB,AMD Ryzen 7 7445HS w/ Radeon 740M Graphics,15.26,3.14.7,BFS,0.0007272000075317919,2.9609375,150,True
288,6,DESKTOP-PCTS8TB,AMD Ryzen 7 7445HS w/ Radeon 740M Graphics,15.26,3.14.7,DFS,0.00013179999950807542,0.3515625,32,True
289,6,DESKTOP-PCTS8TB,AMD Ryzen 7 7445HS w/ Radeon 740M Graphics,15.26,3.14.7,BFS,0.0019146999984513968,2.9609375,150,True
289,6,DESKTOP-PCTS8TB,AMD Ryzen 7 7445HS w/ Radeon 740M Graphics,15.26,3.14.7,DFS,0.00013360001321416348,0.3515625,32,True
290,6,DESKTOP-PCTS8TB,AMD Ryzen 7 7445HS w/ Radeon 740M Graphics,15.26,3.14.7,BFS,0.0007217000093078241,2.9609375,150,True
290,6,DESKTOP-PCTS8TB,AMD Ryzen 7 7445HS w/ Radeon 740M Graphics,15.26,3.14.7,DFS,0.00016570001025684178,0.3515625,32,True
291,6,DESKTOP-PCTS8TB,AMD Ryzen 7 7445HS w/ Radeon 740M Graphics,15.26,3.14.7,BFS,0.0007467999967047945,2.9609375,150,True
291,6,DESKTOP-PCTS8TB,AMD Ryzen 7 7445HS w/ Radeon 740M Graphics,15.26,3.14.7,DFS,0.0002339999919058755,0.3515625,32,True
292,6,DESKTOP-PCTS8TB,AMD Ryzen 7 7445HS w/ Radeon 740M Graphics,15.26,3.14.7,BFS,0.0007342999888351187,2.9609375,150,True
292,6,DESKTOP-PCTS8TB,AMD Ryzen 7 7445HS w/ Radeon 740M Graphics,15.26,3.14.7,DFS,0.00013290000788401812,0.3515625,32,True
293,6,DESKTOP-PCTS8TB,AMD Ryzen 7 7445HS w/ Radeon 740M Graphics,15.26,3.14.7,BFS,0.0007707999902777374,2.9609375,150,True
293,6,DESKTOP-PCTS8TB,AMD Ryzen 7 7445HS w/ Radeon 740M Graphics,15.26,3.14.7,DFS,0.0001554000045871362,0.3515625,32,True
294,6,DESKTOP-PCTS8TB,AMD Ryzen 7 7445HS w/ Radeon 740M Graphics,15.26,3.14.7,BFS,0.0007036000024527311,2.9609375,150,True
294,6,DESKTOP-PCTS8TB,AMD Ryzen 7 7445HS w/ Radeon 740M Graphics,15.26,3.14.7,DFS,0.00014279999595601112,0.3515625,32,True
295,6,DESKTOP-PCTS8TB,AMD Ryzen 7 7445HS w/ Radeon 740M Graphics,15.26,3.14.7,BFS,0.0007962999952724203,2.9609375,150,True
295,6,DESKTOP-PCTS8TB,AMD Ryzen 7 7445HS w/ Radeon 740M Graphics,15.26,3.14.7,DFS,0.0002717000024858862,0.3515625,32,True
296,6,DESKTOP-PCTS8TB,AMD Ryzen 7 7445HS w/ Radeon 740M Graphics,15.26,3.14.7,BFS,0.0011070000036852434,2.9609375,150,True
296,6,DESKTOP-PCTS8TB,AMD Ryzen 7 7445HS w/ Radeon 740M Graphics,15.26,3.14.7,DFS,0.00021159999596420676,0.3515625,32,True
297,6,DESKTOP-PCTS8TB,AMD Ryzen 7 7445HS w/ Radeon 740M Graphics,15.26,3.14.7,BFS,0.000745400000596419,2.9609375,150,True
297,6,DESKTOP-PCTS8TB,AMD Ryzen 7 7445HS w/ Radeon 740M Graphics,15.26,3.14.7,DFS,0.00013679999392479658,0.3515625,32,True
298,6,DESKTOP-PCTS8TB,AMD Ryzen 7 7445HS w/ Radeon 740M Graphics,15.26,3.14.7,BFS,0.0006309999880613759,2.9609375,150,True
298,6,DESKTOP-PCTS8TB,AMD Ryzen 7 7445HS w/ Radeon 740M Graphics,15.26,3.14.7,DFS,0.0001446999958716333,0.3515625,32,True
299,6,DESKTOP-PCTS8TB,AMD Ryzen 7 7445HS w/ Radeon 740M Graphics,15.26,3.14.7,BFS,0.0006231000006664544,2.9609375,150,True
299,6,DESKTOP-PCTS8TB,AMD Ryzen 7 7445HS w/ Radeon 740M Graphics,15.26,3.14.7,DFS,0.00014460000966209918,0.3515625,32,True
300,6,DESKTOP-PCTS8TB,AMD Ryzen 7 7445HS w/ Radeon 740M Graphics,15.26,3.14.7,BFS,0.000632499999483116,2.9609375,150,True
300,6,DESKTOP-PCTS8TB,AMD Ryzen 7 7445HS w/ Radeon 740M Graphics,15.26,3.14.7,DFS,0.00032050001027528197,0.3515625,32,True
301,7,DESKTOP-PCTS8TB,AMD Ryzen 7 7445HS w/ Radeon 740M Graphics,15.26,3.14.7,BFS,0.004181399999652058,22.7109375,513,True
301,7,DESKTOP-PCTS8TB,AMD Ryzen 7 7445HS w/ Radeon 740M Graphics,15.26,3.14.7,DFS,7.139999070204794e-05,0.4296875,10,True
302,7,DESKTOP-PCTS8TB,AMD Ryzen 7 7445HS w/ Radeon 740M Graphics,15.26,3.14.7,BFS,0.0027667999966070056,13.4921875,513,True
302,7,DESKTOP-PCTS8TB,AMD Ryzen 7 7445HS w/ Radeon 740M Graphics,15.26,3.14.7,DFS,6.609999400097877e-05,0.4296875,10,True
303,7,DESKTOP-PCTS8TB,AMD Ryzen 7 7445HS w/ Radeon 740M Graphics,15.26,3.14.7,BFS,0.0028689000027952716,13.4921875,513,True
303,7,DESKTOP-PCTS8TB,AMD Ryzen 7 7445HS w/ Radeon 740M Graphics,15.26,3.14.7,DFS,7.220001134555787e-05,0.4296875,10,True
304,7,DESKTOP-PCTS8TB,AMD Ryzen 7 7445HS w/ Radeon 740M Graphics,15.26,3.14.7,BFS,0.002815500003634952,13.4921875,513,True
304,7,DESKTOP-PCTS8TB,AMD Ryzen 7 7445HS w/ Radeon 740M Graphics,15.26,3.14.7,DFS,6.500000017695129e-05,0.4296875,10,True
305,7,DESKTOP-PCTS8TB,AMD Ryzen 7 7445HS w/ Radeon 740M Graphics,15.26,3.14.7,BFS,0.0030183000053511932,13.4921875,513,True
305,7,DESKTOP-PCTS8TB,AMD Ryzen 7 7445HS w/ Radeon 740M Graphics,15.26,3.14.7,DFS,6.849999772384763e-05,0.4296875,10,True
306,7,DESKTOP-PCTS8TB,AMD Ryzen 7 7445HS w/ Radeon 740M Graphics,15.26,3.14.7,BFS,0.0027894999948330224,13.4921875,513,True
306,7,DESKTOP-PCTS8TB,AMD Ryzen 7 7445HS w/ Radeon 740M Graphics,15.26,3.14.7,DFS,6.569999095518142e-05,0.4296875,10,True
307,7,DESKTOP-PCTS8TB,AMD Ryzen 7 7445HS w/ Radeon 740M Graphics,15.26,3.14.7,BFS,0.0027592999977059662,13.4921875,513,True
307,7,DESKTOP-PCTS8TB,AMD Ryzen 7 7445HS w/ Radeon 740M Graphics,15.26,3.14.7,DFS,6.479999865405262e-05,0.4296875,10,True
308,7,DESKTOP-PCTS8TB,AMD Ryzen 7 7445HS w/ Radeon 740M Graphics,15.26,3.14.7,BFS,0.00419440001132898,13.4921875,513,True
308,7,DESKTOP-PCTS8TB,AMD Ryzen 7 7445HS w/ Radeon 740M Graphics,15.26,3.14.7,DFS,7.690000347793102e-05,0.4296875,10,True
309,7,DESKTOP-PCTS8TB,AMD Ryzen 7 7445HS w/ Radeon 740M Graphics,15.26,3.14.7,BFS,0.0028843000036431476,13.4921875,513,True
309,7,DESKTOP-PCTS8TB,AMD Ryzen 7 7445HS w/ Radeon 740M Graphics,15.26,3.14.7,DFS,8.399999933317304e-05,0.4296875,10,True
310,7,DESKTOP-PCTS8TB,AMD Ryzen 7 7445HS w/ Radeon 740M Graphics,15.26,3.14.7,BFS,0.0027765999984694645,13.4921875,513,True
310,7,DESKTOP-PCTS8TB,AMD Ryzen 7 7445HS w/ Radeon 740M Graphics,15.26,3.14.7,DFS,7.860000187065452e-05,0.4296875,10,True
311,7,DESKTOP-PCTS8TB,AMD Ryzen 7 7445HS w/ Radeon 740M Graphics,15.26,3.14.7,BFS,0.002756400004727766,13.4921875,513,True
311,7,DESKTOP-PCTS8TB,AMD Ryzen 7 7445HS w/ Radeon 740M Graphics,15.26,3.14.7,DFS,6.459999713115394e-05,0.4296875,10,True
312,7,DESKTOP-PCTS8TB,AMD Ryzen 7 7445HS w/ Radeon 740M Graphics,15.26,3.14.7,BFS,0.003782100000535138,13.4921875,513,True
312,7,DESKTOP-PCTS8TB,AMD Ryzen 7 7445HS w/ Radeon 740M Graphics,15.26,3.14.7,DFS,7.610001193825155e-05,0.4296875,10,True
313,7,DESKTOP-PCTS8TB,AMD Ryzen 7 7445HS w/ Radeon 740M Graphics,15.26,3.14.7,BFS,0.002825900010066107,13.4921875,513,True
313,7,DESKTOP-PCTS8TB,AMD Ryzen 7 7445HS w/ Radeon 740M Graphics,15.26,3.14.7,DFS,6.540000322274864e-05,0.4296875,10,True
314,7,DESKTOP-PCTS8TB,AMD Ryzen 7 7445HS w/ Radeon 740M Graphics,15.26,3.14.7,BFS,0.0027817999944090843,13.4921875,513,True
314,7,DESKTOP-PCTS8TB,AMD Ryzen 7 7445HS w/ Radeon 740M Graphics,15.26,3.14.7,DFS,7.130000449251384e-05,0.4296875,10,True
315,7,DESKTOP-PCTS8TB,AMD Ryzen 7 7445HS w/ Radeon 740M Graphics,15.26,3.14.7,BFS,0.002973700000438839,13.4921875,513,True
315,7,DESKTOP-PCTS8TB,AMD Ryzen 7 7445HS w/ Radeon 740M Graphics,15.26,3.14.7,DFS,6.949999078642577e-05,0.4296875,10,True
316,7,DESKTOP-PCTS8TB,AMD Ryzen 7 7445HS w/ Radeon 740M Graphics,15.26,3.14.7,BFS,0.0034527999960118905,13.4921875,513,True
316,7,DESKTOP-PCTS8TB,AMD Ryzen 7 7445HS w/ Radeon 740M Graphics,15.26,3.14.7,DFS,6.489999941550195e-05,0.4296875,10,True
317,7,DESKTOP-PCTS8TB,AMD Ryzen 7 7445HS w/ Radeon 740M Graphics,15.26,3.14.7,BFS,0.0029344000067794695,13.4921875,513,True
317,7,DESKTOP-PCTS8TB,AMD Ryzen 7 7445HS w/ Radeon 740M Graphics,15.26,3.14.7,DFS,6.669999856967479e-05,0.4296875,10,True
318,7,DESKTOP-PCTS8TB,AMD Ryzen 7 7445HS w/ Radeon 740M Graphics,15.26,3.14.7,BFS,0.0027827000012621284,13.4921875,513,True
318,7,DESKTOP-PCTS8TB,AMD Ryzen 7 7445HS w/ Radeon 740M Graphics,15.26,3.14.7,DFS,6.570000550709665e-05,0.4296875,10,True
319,7,DESKTOP-PCTS8TB,AMD Ryzen 7 7445HS w/ Radeon 740M Graphics,15.26,3.14.7,BFS,0.004030199997941963,13.4921875,513,True
319,7,DESKTOP-PCTS8TB,AMD Ryzen 7 7445HS w/ Radeon 740M Graphics,15.26,3.14.7,DFS,8.620000153314322e-05,0.4296875,10,True
320,7,DESKTOP-PCTS8TB,AMD Ryzen 7 7445HS w/ Radeon 740M Graphics,15.26,3.14.7,BFS,0.0030546000052709132,13.4921875,513,True
320,7,DESKTOP-PCTS8TB,AMD Ryzen 7 7445HS w/ Radeon 740M Graphics,15.26,3.14.7,DFS,0.00010280001151841134,0.4296875,10,True
321,7,DESKTOP-PCTS8TB,AMD Ryzen 7 7445HS w/ Radeon 740M Graphics,15.26,3.14.7,BFS,0.0028066999948350713,13.4921875,513,True
321,7,DESKTOP-PCTS8TB,AMD Ryzen 7 7445HS w/ Radeon 740M Graphics,15.26,3.14.7,DFS,0.0001227000029757619,0.4296875,10,True
322,7,DESKTOP-PCTS8TB,AMD Ryzen 7 7445HS w/ Radeon 740M Graphics,15.26,3.14.7,BFS,0.0030335000046761706,13.4921875,513,True
322,7,DESKTOP-PCTS8TB,AMD Ryzen 7 7445HS w/ Radeon 740M Graphics,15.26,3.14.7,DFS,6.58999924780801e-05,0.4296875,10,True
323,7,DESKTOP-PCTS8TB,AMD Ryzen 7 7445HS w/ Radeon 740M Graphics,15.26,3.14.7,BFS,0.0034750000049825758,13.4921875,513,True
323,7,DESKTOP-PCTS8TB,AMD Ryzen 7 7445HS w/ Radeon 740M Graphics,15.26,3.14.7,DFS,6.880000000819564e-05,0.4296875,10,True
324,7,DESKTOP-PCTS8TB,AMD Ryzen 7 7445HS w/ Radeon 740M Graphics,15.26,3.14.7,BFS,0.0027513000095495954,13.4921875,513,True
324,7,DESKTOP-PCTS8TB,AMD Ryzen 7 7445HS w/ Radeon 740M Graphics,15.26,3.14.7,DFS,6.629999552387744e-05,0.4296875,10,True
325,7,DESKTOP-PCTS8TB,AMD Ryzen 7 7445HS w/ Radeon 740M Graphics,15.26,3.14.7,BFS,0.002940399994258769,13.4921875,513,True
325,7,DESKTOP-PCTS8TB,AMD Ryzen 7 7445HS w/ Radeon 740M Graphics,15.26,3.14.7,DFS,7.560000813100487e-05,0.4296875,10,True
326,7,DESKTOP-PCTS8TB,AMD Ryzen 7 7445HS w/ Radeon 740M Graphics,15.26,3.14.7,BFS,0.00290320000203792,13.4921875,513,True
326,7,DESKTOP-PCTS8TB,AMD Ryzen 7 7445HS w/ Radeon 740M Graphics,15.26,3.14.7,DFS,7.409999670926481e-05,0.4296875,10,True
327,7,DESKTOP-PCTS8TB,AMD Ryzen 7 7445HS w/ Radeon 740M Graphics,15.26,3.14.7,BFS,0.0028671000036410987,13.4921875,513,True
327,7,DESKTOP-PCTS8TB,AMD Ryzen 7 7445HS w/ Radeon 740M Graphics,15.26,3.14.7,DFS,6.620000931434333e-05,0.4296875,10,True
328,7,DESKTOP-PCTS8TB,AMD Ryzen 7 7445HS w/ Radeon 740M Graphics,15.26,3.14.7,BFS,0.0029140999977244064,13.4921875,513,True
328,7,DESKTOP-PCTS8TB,AMD Ryzen 7 7445HS w/ Radeon 740M Graphics,15.26,3.14.7,DFS,6.500000017695129e-05,0.4296875,10,True
329,7,DESKTOP-PCTS8TB,AMD Ryzen 7 7445HS w/ Radeon 740M Graphics,15.26,3.14.7,BFS,0.002977699987241067,13.4921875,513,True
329,7,DESKTOP-PCTS8TB,AMD Ryzen 7 7445HS w/ Radeon 740M Graphics,15.26,3.14.7,DFS,7.500000356230885e-05,0.4296875,10,True
330,7,DESKTOP-PCTS8TB,AMD Ryzen 7 7445HS w/ Radeon 740M Graphics,15.26,3.14.7,BFS,0.0028586999978870153,13.4921875,513,True
330,7,DESKTOP-PCTS8TB,AMD Ryzen 7 7445HS w/ Radeon 740M Graphics,15.26,3.14.7,DFS,6.579999171663076e-05,0.4296875,10,True
331,7,DESKTOP-PCTS8TB,AMD Ryzen 7 7445HS w/ Radeon 740M Graphics,15.26,3.14.7,BFS,0.003808599998592399,13.4921875,513,True
331,7,DESKTOP-PCTS8TB,AMD Ryzen 7 7445HS w/ Radeon 740M Graphics,15.26,3.14.7,DFS,6.919998850207776e-05,0.4296875,10,True
332,7,DESKTOP-PCTS8TB,AMD Ryzen 7 7445HS w/ Radeon 740M Graphics,15.26,3.14.7,BFS,0.0028048999956808984,13.4921875,513,True
332,7,DESKTOP-PCTS8TB,AMD Ryzen 7 7445HS w/ Radeon 740M Graphics,15.26,3.14.7,DFS,6.520000169984996e-05,0.4296875,10,True
333,7,DESKTOP-PCTS8TB,AMD Ryzen 7 7445HS w/ Radeon 740M Graphics,15.26,3.14.7,BFS,0.0027900999994017184,13.4921875,513,True
333,7,DESKTOP-PCTS8TB,AMD Ryzen 7 7445HS w/ Radeon 740M Graphics,15.26,3.14.7,DFS,6.500000017695129e-05,0.4296875,10,True
334,7,DESKTOP-PCTS8TB,AMD Ryzen 7 7445HS w/ Radeon 740M Graphics,15.26,3.14.7,BFS,0.00395369999750983,13.4921875,513,True
334,7,DESKTOP-PCTS8TB,AMD Ryzen 7 7445HS w/ Radeon 740M Graphics,15.26,3.14.7,DFS,7.569999434053898e-05,0.4296875,10,True
335,7,DESKTOP-PCTS8TB,AMD Ryzen 7 7445HS w/ Radeon 740M Graphics,15.26,3.14.7,BFS,0.00425659999018535,13.4921875,513,True
335,7,DESKTOP-PCTS8TB,AMD Ryzen 7 7445HS w/ Radeon 740M Graphics,15.26,3.14.7,DFS,0.00012850000348407775,0.4296875,10,True
336,7,DESKTOP-PCTS8TB,AMD Ryzen 7 7445HS w/ Radeon 740M Graphics,15.26,3.14.7,BFS,0.0032693000102881342,13.4921875,513,True
336,7,DESKTOP-PCTS8TB,AMD Ryzen 7 7445HS w/ Radeon 740M Graphics,15.26,3.14.7,DFS,7.720000576227903e-05,0.4296875,10,True
337,7,DESKTOP-PCTS8TB,AMD Ryzen 7 7445HS w/ Radeon 740M Graphics,15.26,3.14.7,BFS,0.003399699999135919,13.4921875,513,True
337,7,DESKTOP-PCTS8TB,AMD Ryzen 7 7445HS w/ Radeon 740M Graphics,15.26,3.14.7,DFS,8.789999992586672e-05,0.4296875,10,True
338,7,DESKTOP-PCTS8TB,AMD Ryzen 7 7445HS w/ Radeon 740M Graphics,15.26,3.14.7,BFS,0.003013399997144006,13.4921875,513,True
338,7,DESKTOP-PCTS8TB,AMD Ryzen 7 7445HS w/ Radeon 740M Graphics,15.26,3.14.7,DFS,6.979999307077378e-05,0.4296875,10,True
339,7,DESKTOP-PCTS8TB,AMD Ryzen 7 7445HS w/ Radeon 740M Graphics,15.26,3.14.7,BFS,0.002817999993567355,13.4921875,513,True
339,7,DESKTOP-PCTS8TB,AMD Ryzen 7 7445HS w/ Radeon 740M Graphics,15.26,3.14.7,DFS,6.61999947624281e-05,0.4296875,10,True
340,7,DESKTOP-PCTS8TB,AMD Ryzen 7 7445HS w/ Radeon 740M Graphics,15.26,3.14.7,BFS,0.0030409000028157607,13.4921875,513,True
340,7,DESKTOP-PCTS8TB,AMD Ryzen 7 7445HS w/ Radeon 740M Graphics,15.26,3.14.7,DFS,7.390000973828137e-05,0.4296875,10,True
341,7,DESKTOP-PCTS8TB,AMD Ryzen 7 7445HS w/ Radeon 740M Graphics,15.26,3.14.7,BFS,0.003147099996567704,13.4921875,513,True
341,7,DESKTOP-PCTS8TB,AMD Ryzen 7 7445HS w/ Radeon 740M Graphics,15.26,3.14.7,DFS,6.61999947624281e-05,0.4296875,10,True
342,7,DESKTOP-PCTS8TB,AMD Ryzen 7 7445HS w/ Radeon 740M Graphics,15.26,3.14.7,BFS,0.0034263999987160787,13.4921875,513,True
342,7,DESKTOP-PCTS8TB,AMD Ryzen 7 7445HS w/ Radeon 740M Graphics,15.26,3.14.7,DFS,9.299999510403723e-05,0.4296875,10,True
343,7,DESKTOP-PCTS8TB,AMD Ryzen 7 7445HS w/ Radeon 740M Graphics,15.26,3.14.7,BFS,0.002845700000762008,13.4921875,513,True
343,7,DESKTOP-PCTS8TB,AMD Ryzen 7 7445HS w/ Radeon 740M Graphics,15.26,3.14.7,DFS,6.569999095518142e-05,0.4296875,10,True
344,7,DESKTOP-PCTS8TB,AMD Ryzen 7 7445HS w/ Radeon 740M Graphics,15.26,3.14.7,BFS,0.002833999998983927,13.4921875,513,True
344,7,DESKTOP-PCTS8TB,AMD Ryzen 7 7445HS w/ Radeon 740M Graphics,15.26,3.14.7,DFS,7.110000296961516e-05,0.4296875,10,True
345,7,DESKTOP-PCTS8TB,AMD Ryzen 7 7445HS w/ Radeon 740M Graphics,15.26,3.14.7,BFS,0.002902899999753572,13.4921875,513,True
345,7,DESKTOP-PCTS8TB,AMD Ryzen 7 7445HS w/ Radeon 740M Graphics,15.26,3.14.7,DFS,6.420000863727182e-05,0.4296875,10,True
346,7,DESKTOP-PCTS8TB,AMD Ryzen 7 7445HS w/ Radeon 740M Graphics,15.26,3.14.7,BFS,0.003519999998388812,13.4921875,513,True
346,7,DESKTOP-PCTS8TB,AMD Ryzen 7 7445HS w/ Radeon 740M Graphics,15.26,3.14.7,DFS,0.00017399998614564538,0.4296875,10,True
347,7,DESKTOP-PCTS8TB,AMD Ryzen 7 7445HS w/ Radeon 740M Graphics,15.26,3.14.7,BFS,0.0032155999942915514,13.4921875,513,True
347,7,DESKTOP-PCTS8TB,AMD Ryzen 7 7445HS w/ Radeon 740M Graphics,15.26,3.14.7,DFS,7.069999992381781e-05,0.4296875,10,True
348,7,DESKTOP-PCTS8TB,AMD Ryzen 7 7445HS w/ Radeon 740M Graphics,15.26,3.14.7,BFS,0.0028305000014370307,13.4921875,513,True
348,7,DESKTOP-PCTS8TB,AMD Ryzen 7 7445HS w/ Radeon 740M Graphics,15.26,3.14.7,DFS,8.81999876582995e-05,0.4296875,10,True
349,7,DESKTOP-PCTS8TB,AMD Ryzen 7 7445HS w/ Radeon 740M Graphics,15.26,3.14.7,BFS,0.003359399997862056,13.4921875,513,True
349,7,DESKTOP-PCTS8TB,AMD Ryzen 7 7445HS w/ Radeon 740M Graphics,15.26,3.14.7,DFS,6.980000762268901e-05,0.4296875,10,True
350,7,DESKTOP-PCTS8TB,AMD Ryzen 7 7445HS w/ Radeon 740M Graphics,15.26,3.14.7,BFS,0.002919400008977391,13.4921875,513,True
350,7,DESKTOP-PCTS8TB,AMD Ryzen 7 7445HS w/ Radeon 740M Graphics,15.26,3.14.7,DFS,6.800000846851617e-05,0.4296875,10,True
351,7,DESKTOP-PCTS8TB,AMD Ryzen 7 7445HS w/ Radeon 740M Graphics,15.26,3.14.7,BFS,0.002846200004569255,13.4921875,513,True
351,7,DESKTOP-PCTS8TB,AMD Ryzen 7 7445HS w/ Radeon 740M Graphics,15.26,3.14.7,DFS,6.510000093840063e-05,0.4296875,10,True
352,7,DESKTOP-PCTS8TB,AMD Ryzen 7 7445HS w/ Radeon 740M Graphics,15.26,3.14.7,BFS,0.002760499992291443,13.4921875,513,True
352,7,DESKTOP-PCTS8TB,AMD Ryzen 7 7445HS w/ Radeon 740M Graphics,15.26,3.14.7,DFS,6.489999941550195e-05,0.4296875,10,True
353,7,DESKTOP-PCTS8TB,AMD Ryzen 7 7445HS w/ Radeon 740M Graphics,15.26,3.14.7,BFS,0.004027899994980544,13.4921875,513,True
353,7,DESKTOP-PCTS8TB,AMD Ryzen 7 7445HS w/ Radeon 740M Graphics,15.26,3.14.7,DFS,7.690000347793102e-05,0.4296875,10,True
354,7,DESKTOP-PCTS8TB,AMD Ryzen 7 7445HS w/ Radeon 740M Graphics,15.26,3.14.7,BFS,0.002976399991894141,13.4921875,513,True
354,7,DESKTOP-PCTS8TB,AMD Ryzen 7 7445HS w/ Radeon 740M Graphics,15.26,3.14.7,DFS,6.499998562503606e-05,0.4296875,10,True
355,7,DESKTOP-PCTS8TB,AMD Ryzen 7 7445HS w/ Radeon 740M Graphics,15.26,3.14.7,BFS,0.006137199990916997,13.4921875,513,True
355,7,DESKTOP-PCTS8TB,AMD Ryzen 7 7445HS w/ Radeon 740M Graphics,15.26,3.14.7,DFS,0.00021260000357870013,0.4296875,10,True
356,7,DESKTOP-PCTS8TB,AMD Ryzen 7 7445HS w/ Radeon 740M Graphics,15.26,3.14.7,BFS,0.003722499997820705,13.4921875,513,True
356,7,DESKTOP-PCTS8TB,AMD Ryzen 7 7445HS w/ Radeon 740M Graphics,15.26,3.14.7,DFS,8.969999908003956e-05,0.4296875,10,True
357,7,DESKTOP-PCTS8TB,AMD Ryzen 7 7445HS w/ Radeon 740M Graphics,15.26,3.14.7,BFS,0.0031469000095967203,13.4921875,513,True
357,7,DESKTOP-PCTS8TB,AMD Ryzen 7 7445HS w/ Radeon 740M Graphics,15.26,3.14.7,DFS,6.880000000819564e-05,0.4296875,10,True
358,7,DESKTOP-PCTS8TB,AMD Ryzen 7 7445HS w/ Radeon 740M Graphics,15.26,3.14.7,BFS,0.003349899998283945,13.4921875,513,True
358,7,DESKTOP-PCTS8TB,AMD Ryzen 7 7445HS w/ Radeon 740M Graphics,15.26,3.14.7,DFS,8.589999924879521e-05,0.4296875,10,True
359,7,DESKTOP-PCTS8TB,AMD Ryzen 7 7445HS w/ Radeon 740M Graphics,15.26,3.14.7,BFS,0.0029759000026388094,13.4921875,513,True
359,7,DESKTOP-PCTS8TB,AMD Ryzen 7 7445HS w/ Radeon 740M Graphics,15.26,3.14.7,DFS,6.70000008540228e-05,0.4296875,10,True
360,7,DESKTOP-PCTS8TB,AMD Ryzen 7 7445HS w/ Radeon 740M Graphics,15.26,3.14.7,BFS,0.0028040000033797696,13.4921875,513,True
360,7,DESKTOP-PCTS8TB,AMD Ryzen 7 7445HS w/ Radeon 740M Graphics,15.26,3.14.7,DFS,6.510000093840063e-05,0.4296875,10,True
361,7,DESKTOP-PCTS8TB,AMD Ryzen 7 7445HS w/ Radeon 740M Graphics,15.26,3.14.7,BFS,0.0031893999985186383,13.4921875,513,True
361,7,DESKTOP-PCTS8TB,AMD Ryzen 7 7445HS w/ Radeon 740M Graphics,15.26,3.14.7,DFS,6.900000153109431e-05,0.4296875,10,True
362,7,DESKTOP-PCTS8TB,AMD Ryzen 7 7445HS w/ Radeon 740M Graphics,15.26,3.14.7,BFS,0.0030223000067053363,13.4921875,513,True
362,7,DESKTOP-PCTS8TB,AMD Ryzen 7 7445HS w/ Radeon 740M Graphics,15.26,3.14.7,DFS,6.659999780822545e-05,0.4296875,10,True
363,7,DESKTOP-PCTS8TB,AMD Ryzen 7 7445HS w/ Radeon 740M Graphics,15.26,3.14.7,BFS,0.002944399995612912,13.4921875,513,True
363,7,DESKTOP-PCTS8TB,AMD Ryzen 7 7445HS w/ Radeon 740M Graphics,15.26,3.14.7,DFS,6.539998867083341e-05,0.4296875,10,True
364,7,DESKTOP-PCTS8TB,AMD Ryzen 7 7445HS w/ Radeon 740M Graphics,15.26,3.14.7,BFS,0.0027834000065922737,13.4921875,513,True
364,7,DESKTOP-PCTS8TB,AMD Ryzen 7 7445HS w/ Radeon 740M Graphics,15.26,3.14.7,DFS,7.54000066081062e-05,0.4296875,10,True
365,7,DESKTOP-PCTS8TB,AMD Ryzen 7 7445HS w/ Radeon 740M Graphics,15.26,3.14.7,BFS,0.0041988000011770055,13.4921875,513,True
365,7,DESKTOP-PCTS8TB,AMD Ryzen 7 7445HS w/ Radeon 740M Graphics,15.26,3.14.7,DFS,6.930000381544232e-05,0.4296875,10,True
366,7,DESKTOP-PCTS8TB,AMD Ryzen 7 7445HS w/ Radeon 740M Graphics,15.26,3.14.7,BFS,0.002781699993647635,13.4921875,513,True
366,7,DESKTOP-PCTS8TB,AMD Ryzen 7 7445HS w/ Radeon 740M Graphics,15.26,3.14.7,DFS,6.500000017695129e-05,0.4296875,10,True
367,7,DESKTOP-PCTS8TB,AMD Ryzen 7 7445HS w/ Radeon 740M Graphics,15.26,3.14.7,BFS,0.0029073000041535124,13.4921875,513,True
367,7,DESKTOP-PCTS8TB,AMD Ryzen 7 7445HS w/ Radeon 740M Graphics,15.26,3.14.7,DFS,7.210001058410853e-05,0.4296875,10,True
368,7,DESKTOP-PCTS8TB,AMD Ryzen 7 7445HS w/ Radeon 740M Graphics,15.26,3.14.7,BFS,0.0032778000022517517,13.4921875,513,True
368,7,DESKTOP-PCTS8TB,AMD Ryzen 7 7445HS w/ Radeon 740M Graphics,15.26,3.14.7,DFS,0.00012589999823831022,0.4296875,10,True
369,7,DESKTOP-PCTS8TB,AMD Ryzen 7 7445HS w/ Radeon 740M Graphics,15.26,3.14.7,BFS,0.002889700001105666,13.4921875,513,True
369,7,DESKTOP-PCTS8TB,AMD Ryzen 7 7445HS w/ Radeon 740M Graphics,15.26,3.14.7,DFS,7.300000288523734e-05,0.4296875,10,True
370,7,DESKTOP-PCTS8TB,AMD Ryzen 7 7445HS w/ Radeon 740M Graphics,15.26,3.14.7,BFS,0.002821999994921498,13.4921875,513,True
370,7,DESKTOP-PCTS8TB,AMD Ryzen 7 7445HS w/ Radeon 740M Graphics,15.26,3.14.7,DFS,6.410000787582248e-05,0.4296875,10,True
371,7,DESKTOP-PCTS8TB,AMD Ryzen 7 7445HS w/ Radeon 740M Graphics,15.26,3.14.7,BFS,0.0030592000111937523,13.4921875,513,True
371,7,DESKTOP-PCTS8TB,AMD Ryzen 7 7445HS w/ Radeon 740M Graphics,15.26,3.14.7,DFS,0.00016349999350495636,0.4296875,10,True
372,7,DESKTOP-PCTS8TB,AMD Ryzen 7 7445HS w/ Radeon 740M Graphics,15.26,3.14.7,BFS,0.0033226999948965386,13.4921875,513,True
372,7,DESKTOP-PCTS8TB,AMD Ryzen 7 7445HS w/ Radeon 740M Graphics,15.26,3.14.7,DFS,6.829999620094895e-05,0.4296875,10,True
373,7,DESKTOP-PCTS8TB,AMD Ryzen 7 7445HS w/ Radeon 740M Graphics,15.26,3.14.7,BFS,0.003017900002305396,13.4921875,513,True
373,7,DESKTOP-PCTS8TB,AMD Ryzen 7 7445HS w/ Radeon 740M Graphics,15.26,3.14.7,DFS,6.740000389982015e-05,0.4296875,10,True
374,7,DESKTOP-PCTS8TB,AMD Ryzen 7 7445HS w/ Radeon 740M Graphics,15.26,3.14.7,BFS,0.002885099995182827,13.4921875,513,True
374,7,DESKTOP-PCTS8TB,AMD Ryzen 7 7445HS w/ Radeon 740M Graphics,15.26,3.14.7,DFS,6.859999848529696e-05,0.4296875,10,True
375,7,DESKTOP-PCTS8TB,AMD Ryzen 7 7445HS w/ Radeon 740M Graphics,15.26,3.14.7,BFS,0.0027680000057443976,13.4921875,513,True
375,7,DESKTOP-PCTS8TB,AMD Ryzen 7 7445HS w/ Radeon 740M Graphics,15.26,3.14.7,DFS,6.479999865405262e-05,0.4296875,10,True
376,7,DESKTOP-PCTS8TB,AMD Ryzen 7 7445HS w/ Radeon 740M Graphics,15.26,3.14.7,BFS,0.0028870000096503645,13.4921875,513,True
376,7,DESKTOP-PCTS8TB,AMD Ryzen 7 7445HS w/ Radeon 740M Graphics,15.26,3.14.7,DFS,6.979999307077378e-05,0.4296875,10,True
377,7,DESKTOP-PCTS8TB,AMD Ryzen 7 7445HS w/ Radeon 740M Graphics,15.26,3.14.7,BFS,0.0039991999947233126,13.4921875,513,True
377,7,DESKTOP-PCTS8TB,AMD Ryzen 7 7445HS w/ Radeon 740M Graphics,15.26,3.14.7,DFS,9.48999950196594e-05,0.4296875,10,True
378,7,DESKTOP-PCTS8TB,AMD Ryzen 7 7445HS w/ Radeon 740M Graphics,15.26,3.14.7,BFS,0.003007200008141808,13.4921875,513,True
378,7,DESKTOP-PCTS8TB,AMD Ryzen 7 7445HS w/ Radeon 740M Graphics,15.26,3.14.7,DFS,8.429998706560582e-05,0.4296875,10,True
379,7,DESKTOP-PCTS8TB,AMD Ryzen 7 7445HS w/ Radeon 740M Graphics,15.26,3.14.7,BFS,0.0029408999980660155,13.4921875,513,True
379,7,DESKTOP-PCTS8TB,AMD Ryzen 7 7445HS w/ Radeon 740M Graphics,15.26,3.14.7,DFS,6.690000009257346e-05,0.4296875,10,True
380,7,DESKTOP-PCTS8TB,AMD Ryzen 7 7445HS w/ Radeon 740M Graphics,15.26,3.14.7,BFS,0.003713199999765493,13.4921875,513,True
380,7,DESKTOP-PCTS8TB,AMD Ryzen 7 7445HS w/ Radeon 740M Graphics,15.26,3.14.7,DFS,8.030000026337802e-05,0.4296875,10,True
381,7,DESKTOP-PCTS8TB,AMD Ryzen 7 7445HS w/ Radeon 740M Graphics,15.26,3.14.7,BFS,0.0027646999951684847,13.4921875,513,True
381,7,DESKTOP-PCTS8TB,AMD Ryzen 7 7445HS w/ Radeon 740M Graphics,15.26,3.14.7,DFS,6.550000398419797e-05,0.4296875,10,True
382,7,DESKTOP-PCTS8TB,AMD Ryzen 7 7445HS w/ Radeon 740M Graphics,15.26,3.14.7,BFS,0.003568300002370961,13.4921875,513,True
382,7,DESKTOP-PCTS8TB,AMD Ryzen 7 7445HS w/ Radeon 740M Graphics,15.26,3.14.7,DFS,7.569999434053898e-05,0.4296875,10,True
383,7,DESKTOP-PCTS8TB,AMD Ryzen 7 7445HS w/ Radeon 740M Graphics,15.26,3.14.7,BFS,0.0028223999979672953,13.4921875,513,True
383,7,DESKTOP-PCTS8TB,AMD Ryzen 7 7445HS w/ Radeon 740M Graphics,15.26,3.14.7,DFS,6.519998714793473e-05,0.4296875,10,True
384,7,DESKTOP-PCTS8TB,AMD Ryzen 7 7445HS w/ Radeon 740M Graphics,15.26,3.14.7,BFS,0.0029273000109242275,13.4921875,513,True
384,7,DESKTOP-PCTS8TB,AMD Ryzen 7 7445HS w/ Radeon 740M Graphics,15.26,3.14.7,DFS,0.00011910000466741621,0.4296875,10,True
385,7,DESKTOP-PCTS8TB,AMD Ryzen 7 7445HS w/ Radeon 740M Graphics,15.26,3.14.7,BFS,0.0030261999927461147,13.4921875,513,True
385,7,DESKTOP-PCTS8TB,AMD Ryzen 7 7445HS w/ Radeon 740M Graphics,15.26,3.14.7,DFS,6.75999908708036e-05,0.4296875,10,True
386,7,DESKTOP-PCTS8TB,AMD Ryzen 7 7445HS w/ Radeon 740M Graphics,15.26,3.14.7,BFS,0.00301140001101885,13.4921875,513,True
386,7,DESKTOP-PCTS8TB,AMD Ryzen 7 7445HS w/ Radeon 740M Graphics,15.26,3.14.7,DFS,6.760000542271882e-05,0.4296875,10,True
387,7,DESKTOP-PCTS8TB,AMD Ryzen 7 7445HS w/ Radeon 740M Graphics,15.26,3.14.7,BFS,0.0029800000047544017,13.4921875,513,True
387,7,DESKTOP-PCTS8TB,AMD Ryzen 7 7445HS w/ Radeon 740M Graphics,15.26,3.14.7,DFS,6.550000398419797e-05,0.4296875,10,True
388,7,DESKTOP-PCTS8TB,AMD Ryzen 7 7445HS w/ Radeon 740M Graphics,15.26,3.14.7,BFS,0.0027528000064194202,13.4921875,513,True
388,7,DESKTOP-PCTS8TB,AMD Ryzen 7 7445HS w/ Radeon 740M Graphics,15.26,3.14.7,DFS,6.36000040685758e-05,0.4296875,10,True
389,7,DESKTOP-PCTS8TB,AMD Ryzen 7 7445HS w/ Radeon 740M Graphics,15.26,3.14.7,BFS,0.0039480999985244125,13.4921875,513,True
389,7,DESKTOP-PCTS8TB,AMD Ryzen 7 7445HS w/ Radeon 740M Graphics,15.26,3.14.7,DFS,7.619999814778566e-05,0.4296875,10,True
390,7,DESKTOP-PCTS8TB,AMD Ryzen 7 7445HS w/ Radeon 740M Graphics,15.26,3.14.7,BFS,0.002917900012107566,13.4921875,513,True
390,7,DESKTOP-PCTS8TB,AMD Ryzen 7 7445HS w/ Radeon 740M Graphics,15.26,3.14.7,DFS,7.259999983943999e-05,0.4296875,10,True
391,7,DESKTOP-PCTS8TB,AMD Ryzen 7 7445HS w/ Radeon 740M Graphics,15.26,3.14.7,BFS,0.003098899993347004,13.4921875,513,True
391,7,DESKTOP-PCTS8TB,AMD Ryzen 7 7445HS w/ Radeon 740M Graphics,15.26,3.14.7,DFS,7.190000906120986e-05,0.4296875,10,True
392,7,DESKTOP-PCTS8TB,AMD Ryzen 7 7445HS w/ Radeon 740M Graphics,15.26,3.14.7,BFS,0.0030006000015418977,13.4921875,513,True
392,7,DESKTOP-PCTS8TB,AMD Ryzen 7 7445HS w/ Radeon 740M Graphics,15.26,3.14.7,DFS,6.989999383222312e-05,0.4296875,10,True
393,7,DESKTOP-PCTS8TB,AMD Ryzen 7 7445HS w/ Radeon 740M Graphics,15.26,3.14.7,BFS,0.002811899990774691,13.4921875,513,True
393,7,DESKTOP-PCTS8TB,AMD Ryzen 7 7445HS w/ Radeon 740M Graphics,15.26,3.14.7,DFS,6.409999332390726e-05,0.4296875,10,True
394,7,DESKTOP-PCTS8TB,AMD Ryzen 7 7445HS w/ Radeon 740M Graphics,15.26,3.14.7,BFS,0.00274100000387989,13.4921875,513,True
394,7,DESKTOP-PCTS8TB,AMD Ryzen 7 7445HS w/ Radeon 740M Graphics,15.26,3.14.7,DFS,6.400000711437315e-05,0.4296875,10,True
395,7,DESKTOP-PCTS8TB,AMD Ryzen 7 7445HS w/ Radeon 740M Graphics,15.26,3.14.7,BFS,0.004405799991218373,13.4921875,513,True
395,7,DESKTOP-PCTS8TB,AMD Ryzen 7 7445HS w/ Radeon 740M Graphics,15.26,3.14.7,DFS,0.00010879999899771065,0.4296875,10,True
396,7,DESKTOP-PCTS8TB,AMD Ryzen 7 7445HS w/ Radeon 740M Graphics,15.26,3.14.7,BFS,0.004517000008490868,13.4921875,513,True
396,7,DESKTOP-PCTS8TB,AMD Ryzen 7 7445HS w/ Radeon 740M Graphics,15.26,3.14.7,DFS,0.00010730000212788582,0.4296875,10,True
397,7,DESKTOP-PCTS8TB,AMD Ryzen 7 7445HS w/ Radeon 740M Graphics,15.26,3.14.7,BFS,0.004329999996116385,13.4921875,513,True
397,7,DESKTOP-PCTS8TB,AMD Ryzen 7 7445HS w/ Radeon 740M Graphics,15.26,3.14.7,DFS,9.370000043418258e-05,0.4296875,10,True
398,7,DESKTOP-PCTS8TB,AMD Ryzen 7 7445HS w/ Radeon 740M Graphics,15.26,3.14.7,BFS,0.0034304000000702217,13.4921875,513,True
398,7,DESKTOP-PCTS8TB,AMD Ryzen 7 7445HS w/ Radeon 740M Graphics,15.26,3.14.7,DFS,9.049999061971903e-05,0.4296875,10,True
399,7,DESKTOP-PCTS8TB,AMD Ryzen 7 7445HS w/ Radeon 740M Graphics,15.26,3.14.7,BFS,0.003346500001498498,13.4921875,513,True
399,7,DESKTOP-PCTS8TB,AMD Ryzen 7 7445HS w/ Radeon 740M Graphics,15.26,3.14.7,DFS,7.259999983943999e-05,0.4296875,10,True
400,7,DESKTOP-PCTS8TB,AMD Ryzen 7 7445HS w/ Radeon 740M Graphics,15.26,3.14.7,BFS,0.0029511000029742718,13.4921875,513,True
400,7,DESKTOP-PCTS8TB,AMD Ryzen 7 7445HS w/ Radeon 740M Graphics,15.26,3.14.7,DFS,0.00016099998902063817,0.4296875,10,True
401,8,DESKTOP-PCTS8TB,AMD Ryzen 7 7445HS w/ Radeon 740M Graphics,15.26,3.14.7,BFS,0.02007850000518374,84.109375,1966,True
401,8,DESKTOP-PCTS8TB,AMD Ryzen 7 7445HS w/ Radeon 740M Graphics,15.26,3.14.7,DFS,0.0006946000066818669,0.5703125,114,True
402,8,DESKTOP-PCTS8TB,AMD Ryzen 7 7445HS w/ Radeon 740M Graphics,15.26,3.14.7,BFS,0.01597909998963587,58.609375,1966,True
402,8,DESKTOP-PCTS8TB,AMD Ryzen 7 7445HS w/ Radeon 740M Graphics,15.26,3.14.7,DFS,0.0006073999975342304,0.5703125,114,True
403,8,DESKTOP-PCTS8TB,AMD Ryzen 7 7445HS w/ Radeon 740M Graphics,15.26,3.14.7,BFS,0.013562200008891523,58.609375,1966,True
403,8,DESKTOP-PCTS8TB,AMD Ryzen 7 7445HS w/ Radeon 740M Graphics,15.26,3.14.7,DFS,0.0007258999976329505,0.5703125,114,True
404,8,DESKTOP-PCTS8TB,AMD Ryzen 7 7445HS w/ Radeon 740M Graphics,15.26,3.14.7,BFS,0.014516099996399134,58.609375,1966,True
404,8,DESKTOP-PCTS8TB,AMD Ryzen 7 7445HS w/ Radeon 740M Graphics,15.26,3.14.7,DFS,0.0006932000105734915,0.5703125,114,True
405,8,DESKTOP-PCTS8TB,AMD Ryzen 7 7445HS w/ Radeon 740M Graphics,15.26,3.14.7,BFS,0.015613800002029166,58.609375,1966,True
405,8,DESKTOP-PCTS8TB,AMD Ryzen 7 7445HS w/ Radeon 740M Graphics,15.26,3.14.7,DFS,0.0007908999978099018,0.5703125,114,True
406,8,DESKTOP-PCTS8TB,AMD Ryzen 7 7445HS w/ Radeon 740M Graphics,15.26,3.14.7,BFS,0.013843799999449402,58.609375,1966,True
406,8,DESKTOP-PCTS8TB,AMD Ryzen 7 7445HS w/ Radeon 740M Graphics,15.26,3.14.7,DFS,0.0007220999978017062,0.5703125,114,True
407,8,DESKTOP-PCTS8TB,AMD Ryzen 7 7445HS w/ Radeon 740M Graphics,15.26,3.14.7,BFS,0.013731400002143346,58.609375,1966,True
407,8,DESKTOP-PCTS8TB,AMD Ryzen 7 7445HS w/ Radeon 740M Graphics,15.26,3.14.7,DFS,0.0006216000037966296,0.5703125,114,True
408,8,DESKTOP-PCTS8TB,AMD Ryzen 7 7445HS w/ Radeon 740M Graphics,15.26,3.14.7,BFS,0.015027600005851127,58.609375,1966,True
408,8,DESKTOP-PCTS8TB,AMD Ryzen 7 7445HS w/ Radeon 740M Graphics,15.26,3.14.7,DFS,0.00071340000431519,0.5703125,114,True
409,8,DESKTOP-PCTS8TB,AMD Ryzen 7 7445HS w/ Radeon 740M Graphics,15.26,3.14.7,BFS,0.015454699998372234,58.609375,1966,True
409,8,DESKTOP-PCTS8TB,AMD Ryzen 7 7445HS w/ Radeon 740M Graphics,15.26,3.14.7,DFS,0.0006679999933112413,0.5703125,114,True
410,8,DESKTOP-PCTS8TB,AMD Ryzen 7 7445HS w/ Radeon 740M Graphics,15.26,3.14.7,BFS,0.017240599991055205,58.609375,1966,True
410,8,DESKTOP-PCTS8TB,AMD Ryzen 7 7445HS w/ Radeon 740M Graphics,15.26,3.14.7,DFS,0.0007733000093139708,0.5703125,114,True
411,8,DESKTOP-PCTS8TB,AMD Ryzen 7 7445HS w/ Radeon 740M Graphics,15.26,3.14.7,BFS,0.014262500000768341,58.609375,1966,True
411,8,DESKTOP-PCTS8TB,AMD Ryzen 7 7445HS w/ Radeon 740M Graphics,15.26,3.14.7,DFS,0.0006648999988101423,0.5703125,114,True
412,8,DESKTOP-PCTS8TB,AMD Ryzen 7 7445HS w/ Radeon 740M Graphics,15.26,3.14.7,BFS,0.014843600001768209,58.609375,1966,True
412,8,DESKTOP-PCTS8TB,AMD Ryzen 7 7445HS w/ Radeon 740M Graphics,15.26,3.14.7,DFS,0.0006752000044798478,0.5703125,114,True
413,8,DESKTOP-PCTS8TB,AMD Ryzen 7 7445HS w/ Radeon 740M Graphics,15.26,3.14.7,BFS,0.016368800002965145,58.609375,1966,True
413,8,DESKTOP-PCTS8TB,AMD Ryzen 7 7445HS w/ Radeon 740M Graphics,15.26,3.14.7,DFS,0.0006985000072745606,0.5703125,114,True
414,8,DESKTOP-PCTS8TB,AMD Ryzen 7 7445HS w/ Radeon 740M Graphics,15.26,3.14.7,BFS,0.014530600004945882,58.609375,1966,True
414,8,DESKTOP-PCTS8TB,AMD Ryzen 7 7445HS w/ Radeon 740M Graphics,15.26,3.14.7,DFS,0.0006903000030433759,0.5703125,114,True
415,8,DESKTOP-PCTS8TB,AMD Ryzen 7 7445HS w/ Radeon 740M Graphics,15.26,3.14.7,BFS,0.014926000003470108,58.609375,1966,True
415,8,DESKTOP-PCTS8TB,AMD Ryzen 7 7445HS w/ Radeon 740M Graphics,15.26,3.14.7,DFS,0.0007028999971225858,0.5703125,114,True
416,8,DESKTOP-PCTS8TB,AMD Ryzen 7 7445HS w/ Radeon 740M Graphics,15.26,3.14.7,BFS,0.014895899992552586,58.609375,1966,True
416,8,DESKTOP-PCTS8TB,AMD Ryzen 7 7445HS w/ Radeon 740M Graphics,15.26,3.14.7,DFS,0.0007277999975485727,0.5703125,114,True
417,8,DESKTOP-PCTS8TB,AMD Ryzen 7 7445HS w/ Radeon 740M Graphics,15.26,3.14.7,BFS,0.01683170000615064,58.609375,1966,True
417,8,DESKTOP-PCTS8TB,AMD Ryzen 7 7445HS w/ Radeon 740M Graphics,15.26,3.14.7,DFS,0.0006865000032121316,0.5703125,114,True
418,8,DESKTOP-PCTS8TB,AMD Ryzen 7 7445HS w/ Radeon 740M Graphics,15.26,3.14.7,BFS,0.015486799995414913,58.609375,1966,True
418,8,DESKTOP-PCTS8TB,AMD Ryzen 7 7445HS w/ Radeon 740M Graphics,15.26,3.14.7,DFS,0.0007060000061756,0.5703125,114,True
419,8,DESKTOP-PCTS8TB,AMD Ryzen 7 7445HS w/ Radeon 740M Graphics,15.26,3.14.7,BFS,0.014048800003365614,58.609375,1966,True
419,8,DESKTOP-PCTS8TB,AMD Ryzen 7 7445HS w/ Radeon 740M Graphics,15.26,3.14.7,DFS,0.0006602999928873032,0.5703125,114,True
420,8,DESKTOP-PCTS8TB,AMD Ryzen 7 7445HS w/ Radeon 740M Graphics,15.26,3.14.7,BFS,0.017775000000256114,58.609375,1966,True
420,8,DESKTOP-PCTS8TB,AMD Ryzen 7 7445HS w/ Radeon 740M Graphics,15.26,3.14.7,DFS,0.0006748000014340505,0.5703125,114,True
421,8,DESKTOP-PCTS8TB,AMD Ryzen 7 7445HS w/ Radeon 740M Graphics,15.26,3.14.7,BFS,0.015482200004043989,58.609375,1966,True
421,8,DESKTOP-PCTS8TB,AMD Ryzen 7 7445HS w/ Radeon 740M Graphics,15.26,3.14.7,DFS,0.000673700007610023,0.5703125,114,True
422,8,DESKTOP-PCTS8TB,AMD Ryzen 7 7445HS w/ Radeon 740M Graphics,15.26,3.14.7,BFS,0.015223999987938441,58.609375,1966,True
422,8,DESKTOP-PCTS8TB,AMD Ryzen 7 7445HS w/ Radeon 740M Graphics,15.26,3.14.7,DFS,0.0006723000115016475,0.5703125,114,True
423,8,DESKTOP-PCTS8TB,AMD Ryzen 7 7445HS w/ Radeon 740M Graphics,15.26,3.14.7,BFS,0.015136900008656085,58.609375,1966,True
423,8,DESKTOP-PCTS8TB,AMD Ryzen 7 7445HS w/ Radeon 740M Graphics,15.26,3.14.7,DFS,0.0006902000022819266,0.5703125,114,True
424,8,DESKTOP-PCTS8TB,AMD Ryzen 7 7445HS w/ Radeon 740M Graphics,15.26,3.14.7,BFS,0.015364499995484948,58.609375,1966,True
424,8,DESKTOP-PCTS8TB,AMD Ryzen 7 7445HS w/ Radeon 740M Graphics,15.26,3.14.7,DFS,0.0007220999978017062,0.5703125,114,True
425,8,DESKTOP-PCTS8TB,AMD Ryzen 7 7445HS w/ Radeon 740M Graphics,15.26,3.14.7,BFS,0.017907700006617233,58.609375,1966,True
425,8,DESKTOP-PCTS8TB,AMD Ryzen 7 7445HS w/ Radeon 740M Graphics,15.26,3.14.7,DFS,0.0007253000076161698,0.5703125,114,True
426,8,DESKTOP-PCTS8TB,AMD Ryzen 7 7445HS w/ Radeon 740M Graphics,15.26,3.14.7,BFS,0.015036299999337643,58.609375,1966,True
426,8,DESKTOP-PCTS8TB,AMD Ryzen 7 7445HS w/ Radeon 740M Graphics,15.26,3.14.7,DFS,0.0006715999916195869,0.5703125,114,True
427,8,DESKTOP-PCTS8TB,AMD Ryzen 7 7445HS w/ Radeon 740M Graphics,15.26,3.14.7,BFS,0.014307400007965043,58.609375,1966,True
427,8,DESKTOP-PCTS8TB,AMD Ryzen 7 7445HS w/ Radeon 740M Graphics,15.26,3.14.7,DFS,0.0007430999976349995,0.5703125,114,True
428,8,DESKTOP-PCTS8TB,AMD Ryzen 7 7445HS w/ Radeon 740M Graphics,15.26,3.14.7,BFS,0.01487460000498686,58.609375,1966,True
428,8,DESKTOP-PCTS8TB,AMD Ryzen 7 7445HS w/ Radeon 740M Graphics,15.26,3.14.7,DFS,0.0006061000021873042,0.5703125,114,True
429,8,DESKTOP-PCTS8TB,AMD Ryzen 7 7445HS w/ Radeon 740M Graphics,15.26,3.14.7,BFS,0.014370899996720254,58.609375,1966,True
429,8,DESKTOP-PCTS8TB,AMD Ryzen 7 7445HS w/ Radeon 740M Graphics,15.26,3.14.7,DFS,0.0007443999929819256,0.5703125,114,True
430,8,DESKTOP-PCTS8TB,AMD Ryzen 7 7445HS w/ Radeon 740M Graphics,15.26,3.14.7,BFS,0.014278699993155897,58.609375,1966,True
430,8,DESKTOP-PCTS8TB,AMD Ryzen 7 7445HS w/ Radeon 740M Graphics,15.26,3.14.7,DFS,0.0007236999954329804,0.5703125,114,True
431,8,DESKTOP-PCTS8TB,AMD Ryzen 7 7445HS w/ Radeon 740M Graphics,15.26,3.14.7,BFS,0.015515700011746958,58.609375,1966,True
431,8,DESKTOP-PCTS8TB,AMD Ryzen 7 7445HS w/ Radeon 740M Graphics,15.26,3.14.7,DFS,0.0006786000012652948,0.5703125,114,True
432,8,DESKTOP-PCTS8TB,AMD Ryzen 7 7445HS w/ Radeon 740M Graphics,15.26,3.14.7,BFS,0.014426099995034747,58.609375,1966,True
432,8,DESKTOP-PCTS8TB,AMD Ryzen 7 7445HS w/ Radeon 740M Graphics,15.26,3.14.7,DFS,0.0007400000031339005,0.5703125,114,True
433,8,DESKTOP-PCTS8TB,AMD Ryzen 7 7445HS w/ Radeon 740M Graphics,15.26,3.14.7,BFS,0.01567169999179896,58.609375,1966,True
433,8,DESKTOP-PCTS8TB,AMD Ryzen 7 7445HS w/ Radeon 740M Graphics,15.26,3.14.7,DFS,0.0006350000039674342,0.5703125,114,True
434,8,DESKTOP-PCTS8TB,AMD Ryzen 7 7445HS w/ Radeon 740M Graphics,15.26,3.14.7,BFS,0.014257899994845502,58.609375,1966,True
434,8,DESKTOP-PCTS8TB,AMD Ryzen 7 7445HS w/ Radeon 740M Graphics,15.26,3.14.7,DFS,0.0006790000043110922,0.5703125,114,True
435,8,DESKTOP-PCTS8TB,AMD Ryzen 7 7445HS w/ Radeon 740M Graphics,15.26,3.14.7,BFS,0.01356120000127703,58.609375,1966,True
435,8,DESKTOP-PCTS8TB,AMD Ryzen 7 7445HS w/ Radeon 740M Graphics,15.26,3.14.7,DFS,0.0006750000029569492,0.5703125,114,True
436,8,DESKTOP-PCTS8TB,AMD Ryzen 7 7445HS w/ Radeon 740M Graphics,15.26,3.14.7,BFS,0.014362999994773418,58.609375,1966,True
436,8,DESKTOP-PCTS8TB,AMD Ryzen 7 7445HS w/ Radeon 740M Graphics,15.26,3.14.7,DFS,0.000669400003971532,0.5703125,114,True
437,8,DESKTOP-PCTS8TB,AMD Ryzen 7 7445HS w/ Radeon 740M Graphics,15.26,3.14.7,BFS,0.014067399999476038,58.609375,1966,True
437,8,DESKTOP-PCTS8TB,AMD Ryzen 7 7445HS w/ Radeon 740M Graphics,15.26,3.14.7,DFS,0.0013744000025326386,0.5703125,114,True
438,8,DESKTOP-PCTS8TB,AMD Ryzen 7 7445HS w/ Radeon 740M Graphics,15.26,3.14.7,BFS,0.014742800005478784,58.609375,1966,True
438,8,DESKTOP-PCTS8TB,AMD Ryzen 7 7445HS w/ Radeon 740M Graphics,15.26,3.14.7,DFS,0.0009170999983325601,0.5703125,114,True
439,8,DESKTOP-PCTS8TB,AMD Ryzen 7 7445HS w/ Radeon 740M Graphics,15.26,3.14.7,BFS,0.014701899999636225,58.609375,1966,True
439,8,DESKTOP-PCTS8TB,AMD Ryzen 7 7445HS w/ Radeon 740M Graphics,15.26,3.14.7,DFS,0.0007175999926403165,0.5703125,114,True
440,8,DESKTOP-PCTS8TB,AMD Ryzen 7 7445HS w/ Radeon 740M Graphics,15.26,3.14.7,BFS,0.013931299996329471,58.609375,1966,True
440,8,DESKTOP-PCTS8TB,AMD Ryzen 7 7445HS w/ Radeon 740M Graphics,15.26,3.14.7,DFS,0.0006635999889113009,0.5703125,114,True
441,8,DESKTOP-PCTS8TB,AMD Ryzen 7 7445HS w/ Radeon 740M Graphics,15.26,3.14.7,BFS,0.014967700000852346,58.609375,1966,True
441,8,DESKTOP-PCTS8TB,AMD Ryzen 7 7445HS w/ Radeon 740M Graphics,15.26,3.14.7,DFS,0.0007369999948423356,0.5703125,114,True
442,8,DESKTOP-PCTS8TB,AMD Ryzen 7 7445HS w/ Radeon 740M Graphics,15.26,3.14.7,BFS,0.016490199996042065,58.609375,1966,True
442,8,DESKTOP-PCTS8TB,AMD Ryzen 7 7445HS w/ Radeon 740M Graphics,15.26,3.14.7,DFS,0.0007481000066036358,0.5703125,114,True
443,8,DESKTOP-PCTS8TB,AMD Ryzen 7 7445HS w/ Radeon 740M Graphics,15.26,3.14.7,BFS,0.014435899996897206,58.609375,1966,True
443,8,DESKTOP-PCTS8TB,AMD Ryzen 7 7445HS w/ Radeon 740M Graphics,15.26,3.14.7,DFS,0.0006673000025330111,0.5703125,114,True
444,8,DESKTOP-PCTS8TB,AMD Ryzen 7 7445HS w/ Radeon 740M Graphics,15.26,3.14.7,BFS,0.014617400011047721,58.609375,1966,True
444,8,DESKTOP-PCTS8TB,AMD Ryzen 7 7445HS w/ Radeon 740M Graphics,15.26,3.14.7,DFS,0.0006971999973757192,0.5703125,114,True
445,8,DESKTOP-PCTS8TB,AMD Ryzen 7 7445HS w/ Radeon 740M Graphics,15.26,3.14.7,BFS,0.013957100003608502,58.609375,1966,True
445,8,DESKTOP-PCTS8TB,AMD Ryzen 7 7445HS w/ Radeon 740M Graphics,15.26,3.14.7,DFS,0.0006695999909425154,0.5703125,114,True
446,8,DESKTOP-PCTS8TB,AMD Ryzen 7 7445HS w/ Radeon 740M Graphics,15.26,3.14.7,BFS,0.01584039999579545,58.609375,1966,True
446,8,DESKTOP-PCTS8TB,AMD Ryzen 7 7445HS w/ Radeon 740M Graphics,15.26,3.14.7,DFS,0.0007611000037286431,0.5703125,114,True
447,8,DESKTOP-PCTS8TB,AMD Ryzen 7 7445HS w/ Radeon 740M Graphics,15.26,3.14.7,BFS,0.015329300003941171,58.609375,1966,True
447,8,DESKTOP-PCTS8TB,AMD Ryzen 7 7445HS w/ Radeon 740M Graphics,15.26,3.14.7,DFS,0.0006888000061735511,0.5703125,114,True
448,8,DESKTOP-PCTS8TB,AMD Ryzen 7 7445HS w/ Radeon 740M Graphics,15.26,3.14.7,BFS,0.014033400002517737,58.609375,1966,True
448,8,DESKTOP-PCTS8TB,AMD Ryzen 7 7445HS w/ Radeon 740M Graphics,15.26,3.14.7,DFS,0.0008787000115262344,0.5703125,114,True
449,8,DESKTOP-PCTS8TB,AMD Ryzen 7 7445HS w/ Radeon 740M Graphics,15.26,3.14.7,BFS,0.014738600002601743,58.609375,1966,True
449,8,DESKTOP-PCTS8TB,AMD Ryzen 7 7445HS w/ Radeon 740M Graphics,15.26,3.14.7,DFS,0.0006609999982174486,0.5703125,114,True
450,8,DESKTOP-PCTS8TB,AMD Ryzen 7 7445HS w/ Radeon 740M Graphics,15.26,3.14.7,BFS,0.01745200000004843,58.609375,1966,True
450,8,DESKTOP-PCTS8TB,AMD Ryzen 7 7445HS w/ Radeon 740M Graphics,15.26,3.14.7,DFS,0.0006846999895060435,0.5703125,114,True
451,8,DESKTOP-PCTS8TB,AMD Ryzen 7 7445HS w/ Radeon 740M Graphics,15.26,3.14.7,BFS,0.015457100002095103,58.609375,1966,True
451,8,DESKTOP-PCTS8TB,AMD Ryzen 7 7445HS w/ Radeon 740M Graphics,15.26,3.14.7,DFS,0.0006799999973736703,0.5703125,114,True
452,8,DESKTOP-PCTS8TB,AMD Ryzen 7 7445HS w/ Radeon 740M Graphics,15.26,3.14.7,BFS,0.014151800001855008,58.609375,1966,True
452,8,DESKTOP-PCTS8TB,AMD Ryzen 7 7445HS w/ Radeon 740M Graphics,15.26,3.14.7,DFS,0.0006833999941591173,0.5703125,114,True
453,8,DESKTOP-PCTS8TB,AMD Ryzen 7 7445HS w/ Radeon 740M Graphics,15.26,3.14.7,BFS,0.015635800009476952,58.609375,1966,True
453,8,DESKTOP-PCTS8TB,AMD Ryzen 7 7445HS w/ Radeon 740M Graphics,15.26,3.14.7,DFS,0.0006167999963508919,0.5703125,114,True
454,8,DESKTOP-PCTS8TB,AMD Ryzen 7 7445HS w/ Radeon 740M Graphics,15.26,3.14.7,BFS,0.015237800005706958,58.609375,1966,True
454,8,DESKTOP-PCTS8TB,AMD Ryzen 7 7445HS w/ Radeon 740M Graphics,15.26,3.14.7,DFS,0.0007181999972090125,0.5703125,114,True
455,8,DESKTOP-PCTS8TB,AMD Ryzen 7 7445HS w/ Radeon 740M Graphics,15.26,3.14.7,BFS,0.014425300003495067,58.609375,1966,True
455,8,DESKTOP-PCTS8TB,AMD Ryzen 7 7445HS w/ Radeon 740M Graphics,15.26,3.14.7,DFS,0.0006902000022819266,0.5703125,114,True
456,8,DESKTOP-PCTS8TB,AMD Ryzen 7 7445HS w/ Radeon 740M Graphics,15.26,3.14.7,BFS,0.01406709999719169,58.609375,1966,True
456,8,DESKTOP-PCTS8TB,AMD Ryzen 7 7445HS w/ Radeon 740M Graphics,15.26,3.14.7,DFS,0.00066970000625588,0.5703125,114,True
457,8,DESKTOP-PCTS8TB,AMD Ryzen 7 7445HS w/ Radeon 740M Graphics,15.26,3.14.7,BFS,0.013825399990309961,58.609375,1966,True
457,8,DESKTOP-PCTS8TB,AMD Ryzen 7 7445HS w/ Radeon 740M Graphics,15.26,3.14.7,DFS,0.0006955999997444451,0.5703125,114,True
458,8,DESKTOP-PCTS8TB,AMD Ryzen 7 7445HS w/ Radeon 740M Graphics,15.26,3.14.7,BFS,0.014154199991025962,58.609375,1966,True
458,8,DESKTOP-PCTS8TB,AMD Ryzen 7 7445HS w/ Radeon 740M Graphics,15.26,3.14.7,DFS,0.0008392000017920509,0.5703125,114,True
459,8,DESKTOP-PCTS8TB,AMD Ryzen 7 7445HS w/ Radeon 740M Graphics,15.26,3.14.7,BFS,0.01521889999276027,58.609375,1966,True
459,8,DESKTOP-PCTS8TB,AMD Ryzen 7 7445HS w/ Radeon 740M Graphics,15.26,3.14.7,DFS,0.0006156000017654151,0.5703125,114,True
460,8,DESKTOP-PCTS8TB,AMD Ryzen 7 7445HS w/ Radeon 740M Graphics,15.26,3.14.7,BFS,0.013953300003777258,58.609375,1966,True
460,8,DESKTOP-PCTS8TB,AMD Ryzen 7 7445HS w/ Radeon 740M Graphics,15.26,3.14.7,DFS,0.0006382999999914318,0.5703125,114,True
461,8,DESKTOP-PCTS8TB,AMD Ryzen 7 7445HS w/ Radeon 740M Graphics,15.26,3.14.7,BFS,0.015684400001191534,58.609375,1966,True
461,8,DESKTOP-PCTS8TB,AMD Ryzen 7 7445HS w/ Radeon 740M Graphics,15.26,3.14.7,DFS,0.0006772999913664535,0.5703125,114,True
462,8,DESKTOP-PCTS8TB,AMD Ryzen 7 7445HS w/ Radeon 740M Graphics,15.26,3.14.7,BFS,0.013111799999023788,58.609375,1966,True
462,8,DESKTOP-PCTS8TB,AMD Ryzen 7 7445HS w/ Radeon 740M Graphics,15.26,3.14.7,DFS,0.0008017000072868541,0.5703125,114,True
463,8,DESKTOP-PCTS8TB,AMD Ryzen 7 7445HS w/ Radeon 740M Graphics,15.26,3.14.7,BFS,0.014427299989620224,58.609375,1966,True
463,8,DESKTOP-PCTS8TB,AMD Ryzen 7 7445HS w/ Radeon 740M Graphics,15.26,3.14.7,DFS,0.00118599999404978,0.5703125,114,True
464,8,DESKTOP-PCTS8TB,AMD Ryzen 7 7445HS w/ Radeon 740M Graphics,15.26,3.14.7,BFS,0.014523600009852089,58.609375,1966,True
464,8,DESKTOP-PCTS8TB,AMD Ryzen 7 7445HS w/ Radeon 740M Graphics,15.26,3.14.7,DFS,0.0006175000016810372,0.5703125,114,True
465,8,DESKTOP-PCTS8TB,AMD Ryzen 7 7445HS w/ Radeon 740M Graphics,15.26,3.14.7,BFS,0.014456999997491948,58.609375,1966,True
465,8,DESKTOP-PCTS8TB,AMD Ryzen 7 7445HS w/ Radeon 740M Graphics,15.26,3.14.7,DFS,0.0006787000020267442,0.5703125,114,True
466,8,DESKTOP-PCTS8TB,AMD Ryzen 7 7445HS w/ Radeon 740M Graphics,15.26,3.14.7,BFS,0.015402899996843189,58.609375,1966,True
466,8,DESKTOP-PCTS8TB,AMD Ryzen 7 7445HS w/ Radeon 740M Graphics,15.26,3.14.7,DFS,0.0006747000006726012,0.5703125,114,True
467,8,DESKTOP-PCTS8TB,AMD Ryzen 7 7445HS w/ Radeon 740M Graphics,15.26,3.14.7,BFS,0.014171700007864274,58.609375,1966,True
467,8,DESKTOP-PCTS8TB,AMD Ryzen 7 7445HS w/ Radeon 740M Graphics,15.26,3.14.7,DFS,0.0007056999893393368,0.5703125,114,True
468,8,DESKTOP-PCTS8TB,AMD Ryzen 7 7445HS w/ Radeon 740M Graphics,15.26,3.14.7,BFS,0.015110399996046908,58.609375,1966,True
468,8,DESKTOP-PCTS8TB,AMD Ryzen 7 7445HS w/ Radeon 740M Graphics,15.26,3.14.7,DFS,0.0009178000036627054,0.5703125,114,True
469,8,DESKTOP-PCTS8TB,AMD Ryzen 7 7445HS w/ Radeon 740M Graphics,15.26,3.14.7,BFS,0.01413460000185296,58.609375,1966,True
469,8,DESKTOP-PCTS8TB,AMD Ryzen 7 7445HS w/ Radeon 740M Graphics,15.26,3.14.7,DFS,0.0006838000117568299,0.5703125,114,True
470,8,DESKTOP-PCTS8TB,AMD Ryzen 7 7445HS w/ Radeon 740M Graphics,15.26,3.14.7,BFS,0.014043999995919876,58.609375,1966,True
470,8,DESKTOP-PCTS8TB,AMD Ryzen 7 7445HS w/ Radeon 740M Graphics,15.26,3.14.7,DFS,0.0008209999941755086,0.5703125,114,True
471,8,DESKTOP-PCTS8TB,AMD Ryzen 7 7445HS w/ Radeon 740M Graphics,15.26,3.14.7,BFS,0.01679399999557063,58.609375,1966,True
471,8,DESKTOP-PCTS8TB,AMD Ryzen 7 7445HS w/ Radeon 740M Graphics,15.26,3.14.7,DFS,0.0014272999978857115,0.5703125,114,True
472,8,DESKTOP-PCTS8TB,AMD Ryzen 7 7445HS w/ Radeon 740M Graphics,15.26,3.14.7,BFS,0.015515899998717941,58.609375,1966,True
472,8,DESKTOP-PCTS8TB,AMD Ryzen 7 7445HS w/ Radeon 740M Graphics,15.26,3.14.7,DFS,0.000668799999402836,0.5703125,114,True
473,8,DESKTOP-PCTS8TB,AMD Ryzen 7 7445HS w/ Radeon 740M Graphics,15.26,3.14.7,BFS,0.015779399996972643,58.609375,1966,True
473,8,DESKTOP-PCTS8TB,AMD Ryzen 7 7445HS w/ Radeon 740M Graphics,15.26,3.14.7,DFS,0.0006846000032965094,0.5703125,114,True
474,8,DESKTOP-PCTS8TB,AMD Ryzen 7 7445HS w/ Radeon 740M Graphics,15.26,3.14.7,BFS,0.015277399987098761,58.609375,1966,True
474,8,DESKTOP-PCTS8TB,AMD Ryzen 7 7445HS w/ Radeon 740M Graphics,15.26,3.14.7,DFS,0.0008852999890223145,0.5703125,114,True
475,8,DESKTOP-PCTS8TB,AMD Ryzen 7 7445HS w/ Radeon 740M Graphics,15.26,3.14.7,BFS,0.0137988999922527,58.609375,1966,True
475,8,DESKTOP-PCTS8TB,AMD Ryzen 7 7445HS w/ Radeon 740M Graphics,15.26,3.14.7,DFS,0.0005362000083550811,0.5703125,114,True
476,8,DESKTOP-PCTS8TB,AMD Ryzen 7 7445HS w/ Radeon 740M Graphics,15.26,3.14.7,BFS,0.015648400003556162,58.609375,1966,True
476,8,DESKTOP-PCTS8TB,AMD Ryzen 7 7445HS w/ Radeon 740M Graphics,15.26,3.14.7,DFS,0.0006605999951716512,0.5703125,114,True
477,8,DESKTOP-PCTS8TB,AMD Ryzen 7 7445HS w/ Radeon 740M Graphics,15.26,3.14.7,BFS,0.015129099992918782,58.609375,1966,True
477,8,DESKTOP-PCTS8TB,AMD Ryzen 7 7445HS w/ Radeon 740M Graphics,15.26,3.14.7,DFS,0.0006762999983038753,0.5703125,114,True
478,8,DESKTOP-PCTS8TB,AMD Ryzen 7 7445HS w/ Radeon 740M Graphics,15.26,3.14.7,BFS,0.01482430000032764,58.609375,1966,True
478,8,DESKTOP-PCTS8TB,AMD Ryzen 7 7445HS w/ Radeon 740M Graphics,15.26,3.14.7,DFS,0.0008692999981576577,0.5703125,114,True
479,8,DESKTOP-PCTS8TB,AMD Ryzen 7 7445HS w/ Radeon 740M Graphics,15.26,3.14.7,BFS,0.014958200001274236,58.609375,1966,True
479,8,DESKTOP-PCTS8TB,AMD Ryzen 7 7445HS w/ Radeon 740M Graphics,15.26,3.14.7,DFS,0.0006888000061735511,0.5703125,114,True
480,8,DESKTOP-PCTS8TB,AMD Ryzen 7 7445HS w/ Radeon 740M Graphics,15.26,3.14.7,BFS,0.015741900002467446,58.609375,1966,True
480,8,DESKTOP-PCTS8TB,AMD Ryzen 7 7445HS w/ Radeon 740M Graphics,15.26,3.14.7,DFS,0.0008177999989129603,0.5703125,114,True
481,8,DESKTOP-PCTS8TB,AMD Ryzen 7 7445HS w/ Radeon 740M Graphics,15.26,3.14.7,BFS,0.014186499989591539,58.609375,1966,True
481,8,DESKTOP-PCTS8TB,AMD Ryzen 7 7445HS w/ Radeon 740M Graphics,15.26,3.14.7,DFS,0.0006837999972049147,0.5703125,114,True
482,8,DESKTOP-PCTS8TB,AMD Ryzen 7 7445HS w/ Radeon 740M Graphics,15.26,3.14.7,BFS,0.01557749998755753,58.609375,1966,True
482,8,DESKTOP-PCTS8TB,AMD Ryzen 7 7445HS w/ Radeon 740M Graphics,15.26,3.14.7,DFS,0.000792499995441176,0.5703125,114,True
483,8,DESKTOP-PCTS8TB,AMD Ryzen 7 7445HS w/ Radeon 740M Graphics,15.26,3.14.7,BFS,0.013700800001970492,58.609375,1966,True
483,8,DESKTOP-PCTS8TB,AMD Ryzen 7 7445HS w/ Radeon 740M Graphics,15.26,3.14.7,DFS,0.0006661000079475343,0.5703125,114,True
484,8,DESKTOP-PCTS8TB,AMD Ryzen 7 7445HS w/ Radeon 740M Graphics,15.26,3.14.7,BFS,0.01386120000097435,58.609375,1966,True
484,8,DESKTOP-PCTS8TB,AMD Ryzen 7 7445HS w/ Radeon 740M Graphics,15.26,3.14.7,DFS,0.0008776000031502917,0.5703125,114,True
485,8,DESKTOP-PCTS8TB,AMD Ryzen 7 7445HS w/ Radeon 740M Graphics,15.26,3.14.7,BFS,0.014887500001350418,58.609375,1966,True
485,8,DESKTOP-PCTS8TB,AMD Ryzen 7 7445HS w/ Radeon 740M Graphics,15.26,3.14.7,DFS,0.0006879000138724223,0.5703125,114,True
486,8,DESKTOP-PCTS8TB,AMD Ryzen 7 7445HS w/ Radeon 740M Graphics,15.26,3.14.7,BFS,0.0145699999993667,58.609375,1966,True
486,8,DESKTOP-PCTS8TB,AMD Ryzen 7 7445HS w/ Radeon 740M Graphics,15.26,3.14.7,DFS,0.0006980000034673139,0.5703125,114,True
487,8,DESKTOP-PCTS8TB,AMD Ryzen 7 7445HS w/ Radeon 740M Graphics,15.26,3.14.7,BFS,0.015018299993244,58.609375,1966,True
487,8,DESKTOP-PCTS8TB,AMD Ryzen 7 7445HS w/ Radeon 740M Graphics,15.26,3.14.7,DFS,0.0010743000020738691,0.5703125,114,True
488,8,DESKTOP-PCTS8TB,AMD Ryzen 7 7445HS w/ Radeon 740M Graphics,15.26,3.14.7,BFS,0.014027299999725074,58.609375,1966,True
488,8,DESKTOP-PCTS8TB,AMD Ryzen 7 7445HS w/ Radeon 740M Graphics,15.26,3.14.7,DFS,0.0007512000011047348,0.5703125,114,True
489,8,DESKTOP-PCTS8TB,AMD Ryzen 7 7445HS w/ Radeon 740M Graphics,15.26,3.14.7,BFS,0.01551080000353977,58.609375,1966,True
489,8,DESKTOP-PCTS8TB,AMD Ryzen 7 7445HS w/ Radeon 740M Graphics,15.26,3.14.7,DFS,0.0007018000032985583,0.5703125,114,True
490,8,DESKTOP-PCTS8TB,AMD Ryzen 7 7445HS w/ Radeon 740M Graphics,15.26,3.14.7,BFS,0.014852599997539073,58.609375,1966,True
490,8,DESKTOP-PCTS8TB,AMD Ryzen 7 7445HS w/ Radeon 740M Graphics,15.26,3.14.7,DFS,0.0006695000047329813,0.5703125,114,True
491,8,DESKTOP-PCTS8TB,AMD Ryzen 7 7445HS w/ Radeon 740M Graphics,15.26,3.14.7,BFS,0.014088800002355129,58.609375,1966,True
491,8,DESKTOP-PCTS8TB,AMD Ryzen 7 7445HS w/ Radeon 740M Graphics,15.26,3.14.7,DFS,0.0006749000021954998,0.5703125,114,True
492,8,DESKTOP-PCTS8TB,AMD Ryzen 7 7445HS w/ Radeon 740M Graphics,15.26,3.14.7,BFS,0.013952199995401315,58.609375,1966,True
492,8,DESKTOP-PCTS8TB,AMD Ryzen 7 7445HS w/ Radeon 740M Graphics,15.26,3.14.7,DFS,0.0012943999900016934,0.5703125,114,True
493,8,DESKTOP-PCTS8TB,AMD Ryzen 7 7445HS w/ Radeon 740M Graphics,15.26,3.14.7,BFS,0.014630700010457076,58.609375,1966,True
493,8,DESKTOP-PCTS8TB,AMD Ryzen 7 7445HS w/ Radeon 740M Graphics,15.26,3.14.7,DFS,0.0008377999911317602,0.5703125,114,True
494,8,DESKTOP-PCTS8TB,AMD Ryzen 7 7445HS w/ Radeon 740M Graphics,15.26,3.14.7,BFS,0.013825400004861876,58.609375,1966,True
494,8,DESKTOP-PCTS8TB,AMD Ryzen 7 7445HS w/ Radeon 740M Graphics,15.26,3.14.7,DFS,0.0006980000034673139,0.5703125,114,True
495,8,DESKTOP-PCTS8TB,AMD Ryzen 7 7445HS w/ Radeon 740M Graphics,15.26,3.14.7,BFS,0.014626400006818585,58.609375,1966,True
495,8,DESKTOP-PCTS8TB,AMD Ryzen 7 7445HS w/ Radeon 740M Graphics,15.26,3.14.7,DFS,0.0006963000050745904,0.5703125,114,True
496,8,DESKTOP-PCTS8TB,AMD Ryzen 7 7445HS w/ Radeon 740M Graphics,15.26,3.14.7,BFS,0.013627699998323806,58.609375,1966,True
496,8,DESKTOP-PCTS8TB,AMD Ryzen 7 7445HS w/ Radeon 740M Graphics,15.26,3.14.7,DFS,0.0006696000054944307,0.5703125,114,True
497,8,DESKTOP-PCTS8TB,AMD Ryzen 7 7445HS w/ Radeon 740M Graphics,15.26,3.14.7,BFS,0.013973599998280406,58.609375,1966,True
497,8,DESKTOP-PCTS8TB,AMD Ryzen 7 7445HS w/ Radeon 740M Graphics,15.26,3.14.7,DFS,0.0005509000038728118,0.5703125,114,True
498,8,DESKTOP-PCTS8TB,AMD Ryzen 7 7445HS w/ Radeon 740M Graphics,15.26,3.14.7,BFS,0.01386350000393577,58.609375,1966,True
498,8,DESKTOP-PCTS8TB,AMD Ryzen 7 7445HS w/ Radeon 740M Graphics,15.26,3.14.7,DFS,0.0007965000113472342,0.5703125,114,True
499,8,DESKTOP-PCTS8TB,AMD Ryzen 7 7445HS w/ Radeon 740M Graphics,15.26,3.14.7,BFS,0.013574699987657368,58.609375,1966,True
499,8,DESKTOP-PCTS8TB,AMD Ryzen 7 7445HS w/ Radeon 740M Graphics,15.26,3.14.7,DFS,0.0013832000113325194,0.5703125,114,True
500,8,DESKTOP-PCTS8TB,AMD Ryzen 7 7445HS w/ Radeon 740M Graphics,15.26,3.14.7,BFS,0.013695999994524755,58.609375,1966,True
500,8,DESKTOP-PCTS8TB,AMD Ryzen 7 7445HS w/ Radeon 740M Graphics,15.26,3.14.7,DFS,0.000713700006599538,0.5703125,114,True
501,9,DESKTOP-PCTS8TB,AMD Ryzen 7 7445HS w/ Radeon 740M Graphics,15.26,3.14.7,BFS,0.08308910000778269,359.0234375,8043,True
501,9,DESKTOP-PCTS8TB,AMD Ryzen 7 7445HS w/ Radeon 740M Graphics,15.26,3.14.7,DFS,0.0003364000003784895,0.703125,42,True
502,9,DESKTOP-PCTS8TB,AMD Ryzen 7 7445HS w/ Radeon 740M Graphics,15.26,3.14.7,BFS,0.07107150000229012,269.8359375,8043,True
502,9,DESKTOP-PCTS8TB,AMD Ryzen 7 7445HS w/ Radeon 740M Graphics,15.26,3.14.7,DFS,0.0003203999949619174,0.703125,42,True
503,9,DESKTOP-PCTS8TB,AMD Ryzen 7 7445HS w/ Radeon 740M Graphics,15.26,3.14.7,BFS,0.07832980000239331,269.8359375,8043,True
503,9,DESKTOP-PCTS8TB,AMD Ryzen 7 7445HS w/ Radeon 740M Graphics,15.26,3.14.7,DFS,0.00034059998870361596,0.703125,42,True
504,9,DESKTOP-PCTS8TB,AMD Ryzen 7 7445HS w/ Radeon 740M Graphics,15.26,3.14.7,BFS,0.07563609999488108,269.8359375,8043,True
504,9,DESKTOP-PCTS8TB,AMD Ryzen 7 7445HS w/ Radeon 740M Graphics,15.26,3.14.7,DFS,0.00032619999547023326,0.703125,42,True
505,9,DESKTOP-PCTS8TB,AMD Ryzen 7 7445HS w/ Radeon 740M Graphics,15.26,3.14.7,BFS,0.07589619999635033,269.8359375,8043,True
505,9,DESKTOP-PCTS8TB,AMD Ryzen 7 7445HS w/ Radeon 740M Graphics,15.26,3.14.7,DFS,0.0003223999956389889,0.703125,42,True
506,9,DESKTOP-PCTS8TB,AMD Ryzen 7 7445HS w/ Radeon 740M Graphics,15.26,3.14.7,BFS,0.07338690001051873,269.8359375,8043,True
506,9,DESKTOP-PCTS8TB,AMD Ryzen 7 7445HS w/ Radeon 740M Graphics,15.26,3.14.7,DFS,0.0003628999984357506,0.703125,42,True
507,9,DESKTOP-PCTS8TB,AMD Ryzen 7 7445HS w/ Radeon 740M Graphics,15.26,3.14.7,BFS,0.07524569999077357,269.8359375,8043,True
507,9,DESKTOP-PCTS8TB,AMD Ryzen 7 7445HS w/ Radeon 740M Graphics,15.26,3.14.7,DFS,0.000305800000205636,0.703125,42,True
508,9,DESKTOP-PCTS8TB,AMD Ryzen 7 7445HS w/ Radeon 740M Graphics,15.26,3.14.7,BFS,0.0772039000003133,269.8359375,8043,True
508,9,DESKTOP-PCTS8TB,AMD Ryzen 7 7445HS w/ Radeon 740M Graphics,15.26,3.14.7,DFS,0.0003188999980920926,0.703125,42,True
509,9,DESKTOP-PCTS8TB,AMD Ryzen 7 7445HS w/ Radeon 740M Graphics,15.26,3.14.7,BFS,0.07509110000682995,269.8359375,8043,True
509,9,DESKTOP-PCTS8TB,AMD Ryzen 7 7445HS w/ Radeon 740M Graphics,15.26,3.14.7,DFS,0.0003772999916691333,0.703125,42,True
510,9,DESKTOP-PCTS8TB,AMD Ryzen 7 7445HS w/ Radeon 740M Graphics,15.26,3.14.7,BFS,0.07718589999421965,269.8359375,8043,True
510,9,DESKTOP-PCTS8TB,AMD Ryzen 7 7445HS w/ Radeon 740M Graphics,15.26,3.14.7,DFS,0.0003529000096023083,0.703125,42,True
511,9,DESKTOP-PCTS8TB,AMD Ryzen 7 7445HS w/ Radeon 740M Graphics,15.26,3.14.7,BFS,0.07845209998777136,269.8359375,8043,True
511,9,DESKTOP-PCTS8TB,AMD Ryzen 7 7445HS w/ Radeon 740M Graphics,15.26,3.14.7,DFS,0.00035770000249613076,0.703125,42,True
512,9,DESKTOP-PCTS8TB,AMD Ryzen 7 7445HS w/ Radeon 740M Graphics,15.26,3.14.7,BFS,0.07492980000097305,269.8359375,8043,True
512,9,DESKTOP-PCTS8TB,AMD Ryzen 7 7445HS w/ Radeon 740M Graphics,15.26,3.14.7,DFS,0.0003136000013910234,0.703125,42,True
513,9,DESKTOP-PCTS8TB,AMD Ryzen 7 7445HS w/ Radeon 740M Graphics,15.26,3.14.7,BFS,0.07939079999050591,269.8359375,8043,True
513,9,DESKTOP-PCTS8TB,AMD Ryzen 7 7445HS w/ Radeon 740M Graphics,15.26,3.14.7,DFS,0.000304599991068244,0.703125,42,True
514,9,DESKTOP-PCTS8TB,AMD Ryzen 7 7445HS w/ Radeon 740M Graphics,15.26,3.14.7,BFS,0.0748096000024816,269.8359375,8043,True
514,9,DESKTOP-PCTS8TB,AMD Ryzen 7 7445HS w/ Radeon 740M Graphics,15.26,3.14.7,DFS,0.0003239999932702631,0.703125,42,True
515,9,DESKTOP-PCTS8TB,AMD Ryzen 7 7445HS w/ Radeon 740M Graphics,15.26,3.14.7,BFS,0.07553349999943748,269.8359375,8043,True
515,9,DESKTOP-PCTS8TB,AMD Ryzen 7 7445HS w/ Radeon 740M Graphics,15.26,3.14.7,DFS,0.0003080000024056062,0.703125,42,True
516,9,DESKTOP-PCTS8TB,AMD Ryzen 7 7445HS w/ Radeon 740M Graphics,15.26,3.14.7,BFS,0.07366219999676105,269.8359375,8043,True
516,9,DESKTOP-PCTS8TB,AMD Ryzen 7 7445HS w/ Radeon 740M Graphics,15.26,3.14.7,DFS,0.00032080001255963,0.703125,42,True
517,9,DESKTOP-PCTS8TB,AMD Ryzen 7 7445HS w/ Radeon 740M Graphics,15.26,3.14.7,BFS,0.07523430000583176,269.8359375,8043,True
517,9,DESKTOP-PCTS8TB,AMD Ryzen 7 7445HS w/ Radeon 740M Graphics,15.26,3.14.7,DFS,0.0003226999979233369,0.703125,42,True
518,9,DESKTOP-PCTS8TB,AMD Ryzen 7 7445HS w/ Radeon 740M Graphics,15.26,3.14.7,BFS,0.07478629999968689,269.8359375,8043,True
518,9,DESKTOP-PCTS8TB,AMD Ryzen 7 7445HS w/ Radeon 740M Graphics,15.26,3.14.7,DFS,0.00033680000342428684,0.703125,42,True
519,9,DESKTOP-PCTS8TB,AMD Ryzen 7 7445HS w/ Radeon 740M Graphics,15.26,3.14.7,BFS,0.07649859999946784,269.8359375,8043,True
519,9,DESKTOP-PCTS8TB,AMD Ryzen 7 7445HS w/ Radeon 740M Graphics,15.26,3.14.7,DFS,0.0004659999976865947,0.703125,42,True
520,9,DESKTOP-PCTS8TB,AMD Ryzen 7 7445HS w/ Radeon 740M Graphics,15.26,3.14.7,BFS,0.0744672000000719,269.8359375,8043,True
520,9,DESKTOP-PCTS8TB,AMD Ryzen 7 7445HS w/ Radeon 740M Graphics,15.26,3.14.7,DFS,0.00035200000274926424,0.703125,42,True
521,9,DESKTOP-PCTS8TB,AMD Ryzen 7 7445HS w/ Radeon 740M Graphics,15.26,3.14.7,BFS,0.0763194999890402,269.8359375,8043,True
521,9,DESKTOP-PCTS8TB,AMD Ryzen 7 7445HS w/ Radeon 740M Graphics,15.26,3.14.7,DFS,0.0004474000015761703,0.703125,42,True
522,9,DESKTOP-PCTS8TB,AMD Ryzen 7 7445HS w/ Radeon 740M Graphics,15.26,3.14.7,BFS,0.0701002999994671,269.8359375,8043,True
522,9,DESKTOP-PCTS8TB,AMD Ryzen 7 7445HS w/ Radeon 740M Graphics,15.26,3.14.7,DFS,0.0006689000001642853,0.703125,42,True
523,9,DESKTOP-PCTS8TB,AMD Ryzen 7 7445HS w/ Radeon 740M Graphics,15.26,3.14.7,BFS,0.0711927999946056,269.8359375,8043,True
523,9,DESKTOP-PCTS8TB,AMD Ryzen 7 7445HS w/ Radeon 740M Graphics,15.26,3.14.7,DFS,0.0004990000015823171,0.703125,42,True
524,9,DESKTOP-PCTS8TB,AMD Ryzen 7 7445HS w/ Radeon 740M Graphics,15.26,3.14.7,BFS,0.0746833000011975,269.8359375,8043,True
524,9,DESKTOP-PCTS8TB,AMD Ryzen 7 7445HS w/ Radeon 740M Graphics,15.26,3.14.7,DFS,0.00024059999850578606,0.703125,42,True
525,9,DESKTOP-PCTS8TB,AMD Ryzen 7 7445HS w/ Radeon 740M Graphics,15.26,3.14.7,BFS,0.074498300004052,269.8359375,8043,True
525,9,DESKTOP-PCTS8TB,AMD Ryzen 7 7445HS w/ Radeon 740M Graphics,15.26,3.14.7,DFS,0.0005557000113185495,0.703125,42,True
526,9,DESKTOP-PCTS8TB,AMD Ryzen 7 7445HS w/ Radeon 740M Graphics,15.26,3.14.7,BFS,0.07560949999606237,269.8359375,8043,True
526,9,DESKTOP-PCTS8TB,AMD Ryzen 7 7445HS w/ Radeon 740M Graphics,15.26,3.14.7,DFS,0.0005717000021832064,0.703125,42,True
527,9,DESKTOP-PCTS8TB,AMD Ryzen 7 7445HS w/ Radeon 740M Graphics,15.26,3.14.7,BFS,0.07469309998850804,269.8359375,8043,True
527,9,DESKTOP-PCTS8TB,AMD Ryzen 7 7445HS w/ Radeon 740M Graphics,15.26,3.14.7,DFS,0.00031709999893791974,0.703125,42,True
528,9,DESKTOP-PCTS8TB,AMD Ryzen 7 7445HS w/ Radeon 740M Graphics,15.26,3.14.7,BFS,0.07952780000050552,269.8359375,8043,True
528,9,DESKTOP-PCTS8TB,AMD Ryzen 7 7445HS w/ Radeon 740M Graphics,15.26,3.14.7,DFS,0.00035120001120958477,0.703125,42,True
529,9,DESKTOP-PCTS8TB,AMD Ryzen 7 7445HS w/ Radeon 740M Graphics,15.26,3.14.7,BFS,0.07424600000376813,269.8359375,8043,True
529,9,DESKTOP-PCTS8TB,AMD Ryzen 7 7445HS w/ Radeon 740M Graphics,15.26,3.14.7,DFS,0.00031430000672116876,0.703125,42,True
530,9,DESKTOP-PCTS8TB,AMD Ryzen 7 7445HS w/ Radeon 740M Graphics,15.26,3.14.7,BFS,0.07386910000059288,269.8359375,8043,True
530,9,DESKTOP-PCTS8TB,AMD Ryzen 7 7445HS w/ Radeon 740M Graphics,15.26,3.14.7,DFS,0.00031010000384412706,0.703125,42,True
531,9,DESKTOP-PCTS8TB,AMD Ryzen 7 7445HS w/ Radeon 740M Graphics,15.26,3.14.7,BFS,0.07542590000957716,269.8359375,8043,True
531,9,DESKTOP-PCTS8TB,AMD Ryzen 7 7445HS w/ Radeon 740M Graphics,15.26,3.14.7,DFS,0.0003161000058753416,0.703125,42,True
532,9,DESKTOP-PCTS8TB,AMD Ryzen 7 7445HS w/ Radeon 740M Graphics,15.26,3.14.7,BFS,0.07568399999581743,269.8359375,8043,True
532,9,DESKTOP-PCTS8TB,AMD Ryzen 7 7445HS w/ Radeon 740M Graphics,15.26,3.14.7,DFS,0.00035570000181905925,0.703125,42,True
533,9,DESKTOP-PCTS8TB,AMD Ryzen 7 7445HS w/ Radeon 740M Graphics,15.26,3.14.7,BFS,0.0765460999973584,269.8359375,8043,True
533,9,DESKTOP-PCTS8TB,AMD Ryzen 7 7445HS w/ Radeon 740M Graphics,15.26,3.14.7,DFS,0.00032300000020768493,0.703125,42,True
534,9,DESKTOP-PCTS8TB,AMD Ryzen 7 7445HS w/ Radeon 740M Graphics,15.26,3.14.7,BFS,0.07422779999615159,269.8359375,8043,True
534,9,DESKTOP-PCTS8TB,AMD Ryzen 7 7445HS w/ Radeon 740M Graphics,15.26,3.14.7,DFS,0.0003403000009711832,0.703125,42,True
535,9,DESKTOP-PCTS8TB,AMD Ryzen 7 7445HS w/ Radeon 740M Graphics,15.26,3.14.7,BFS,0.07562839999445714,269.8359375,8043,True
535,9,DESKTOP-PCTS8TB,AMD Ryzen 7 7445HS w/ Radeon 740M Graphics,15.26,3.14.7,DFS,0.0003239999932702631,0.703125,42,True
536,9,DESKTOP-PCTS8TB,AMD Ryzen 7 7445HS w/ Radeon 740M Graphics,15.26,3.14.7,BFS,0.07646749999548774,269.8359375,8043,True
536,9,DESKTOP-PCTS8TB,AMD Ryzen 7 7445HS w/ Radeon 740M Graphics,15.26,3.14.7,DFS,0.000368200009688735,0.703125,42,True
537,9,DESKTOP-PCTS8TB,AMD Ryzen 7 7445HS w/ Radeon 740M Graphics,15.26,3.14.7,BFS,0.07694549999723677,269.8359375,8043,True
537,9,DESKTOP-PCTS8TB,AMD Ryzen 7 7445HS w/ Radeon 740M Graphics,15.26,3.14.7,DFS,0.00031180000223685056,0.703125,42,True
538,9,DESKTOP-PCTS8TB,AMD Ryzen 7 7445HS w/ Radeon 740M Graphics,15.26,3.14.7,BFS,0.1582654000085313,269.9140625,8043,True
538,9,DESKTOP-PCTS8TB,AMD Ryzen 7 7445HS w/ Radeon 740M Graphics,15.26,3.14.7,DFS,0.00043879999429918826,0.703125,42,True
539,9,DESKTOP-PCTS8TB,AMD Ryzen 7 7445HS w/ Radeon 740M Graphics,15.26,3.14.7,BFS,0.07806040000286885,269.8359375,8043,True
539,9,DESKTOP-PCTS8TB,AMD Ryzen 7 7445HS w/ Radeon 740M Graphics,15.26,3.14.7,DFS,0.0003158000035909936,0.703125,42,True
540,9,DESKTOP-PCTS8TB,AMD Ryzen 7 7445HS w/ Radeon 740M Graphics,15.26,3.14.7,BFS,0.07615850000001956,269.8359375,8043,True
540,9,DESKTOP-PCTS8TB,AMD Ryzen 7 7445HS w/ Radeon 740M Graphics,15.26,3.14.7,DFS,0.0003200999926775694,0.703125,42,True
541,9,DESKTOP-PCTS8TB,AMD Ryzen 7 7445HS w/ Radeon 740M Graphics,15.26,3.14.7,BFS,0.07848889999149833,269.8359375,8043,True
541,9,DESKTOP-PCTS8TB,AMD Ryzen 7 7445HS w/ Radeon 740M Graphics,15.26,3.14.7,DFS,0.00032219999411609024,0.703125,42,True
542,9,DESKTOP-PCTS8TB,AMD Ryzen 7 7445HS w/ Radeon 740M Graphics,15.26,3.14.7,BFS,0.07442900000023656,269.8359375,8043,True
542,9,DESKTOP-PCTS8TB,AMD Ryzen 7 7445HS w/ Radeon 740M Graphics,15.26,3.14.7,DFS,0.0003223000094294548,0.703125,42,True
543,9,DESKTOP-PCTS8TB,AMD Ryzen 7 7445HS w/ Radeon 740M Graphics,15.26,3.14.7,BFS,0.07718110000132583,269.8359375,8043,True
543,9,DESKTOP-PCTS8TB,AMD Ryzen 7 7445HS w/ Radeon 740M Graphics,15.26,3.14.7,DFS,0.00030949999927543104,0.703125,42,True
544,9,DESKTOP-PCTS8TB,AMD Ryzen 7 7445HS w/ Radeon 740M Graphics,15.26,3.14.7,BFS,0.07745640000212006,269.8359375,8043,True
544,9,DESKTOP-PCTS8TB,AMD Ryzen 7 7445HS w/ Radeon 740M Graphics,15.26,3.14.7,DFS,0.0003612000000430271,0.703125,42,True
545,9,DESKTOP-PCTS8TB,AMD Ryzen 7 7445HS w/ Radeon 740M Graphics,15.26,3.14.7,BFS,0.07914199998776894,269.8359375,8043,True
545,9,DESKTOP-PCTS8TB,AMD Ryzen 7 7445HS w/ Radeon 740M Graphics,15.26,3.14.7,DFS,0.0003366999881109223,0.703125,42,True
546,9,DESKTOP-PCTS8TB,AMD Ryzen 7 7445HS w/ Radeon 740M Graphics,15.26,3.14.7,BFS,0.07836519999545999,269.8359375,8043,True
546,9,DESKTOP-PCTS8TB,AMD Ryzen 7 7445HS w/ Radeon 740M Graphics,15.26,3.14.7,DFS,0.00032130000181496143,0.703125,42,True
547,9,DESKTOP-PCTS8TB,AMD Ryzen 7 7445HS w/ Radeon 740M Graphics,15.26,3.14.7,BFS,0.07644959999015555,269.8359375,8043,True
547,9,DESKTOP-PCTS8TB,AMD Ryzen 7 7445HS w/ Radeon 740M Graphics,15.26,3.14.7,DFS,0.00032699998700991273,0.703125,42,True
548,9,DESKTOP-PCTS8TB,AMD Ryzen 7 7445HS w/ Radeon 740M Graphics,15.26,3.14.7,BFS,0.07556060000206344,269.8359375,8043,True
548,9,DESKTOP-PCTS8TB,AMD Ryzen 7 7445HS w/ Radeon 740M Graphics,15.26,3.14.7,DFS,0.0003231999871786684,0.703125,42,True
549,9,DESKTOP-PCTS8TB,AMD Ryzen 7 7445HS w/ Radeon 740M Graphics,15.26,3.14.7,BFS,0.07364470000902656,269.8359375,8043,True
549,9,DESKTOP-PCTS8TB,AMD Ryzen 7 7445HS w/ Radeon 740M Graphics,15.26,3.14.7,DFS,0.0003105000068899244,0.703125,42,True
550,9,DESKTOP-PCTS8TB,AMD Ryzen 7 7445HS w/ Radeon 740M Graphics,15.26,3.14.7,BFS,0.07506529999955092,269.8359375,8043,True
550,9,DESKTOP-PCTS8TB,AMD Ryzen 7 7445HS w/ Radeon 740M Graphics,15.26,3.14.7,DFS,0.0003175000019837171,0.703125,42,True
551,9,DESKTOP-PCTS8TB,AMD Ryzen 7 7445HS w/ Radeon 740M Graphics,15.26,3.14.7,BFS,0.07208709999395069,269.8359375,8043,True
551,9,DESKTOP-PCTS8TB,AMD Ryzen 7 7445HS w/ Radeon 740M Graphics,15.26,3.14.7,DFS,0.00024330000451300293,0.703125,42,True
552,9,DESKTOP-PCTS8TB,AMD Ryzen 7 7445HS w/ Radeon 740M Graphics,15.26,3.14.7,BFS,0.07426480000140145,269.8359375,8043,True
552,9,DESKTOP-PCTS8TB,AMD Ryzen 7 7445HS w/ Radeon 740M Graphics,15.26,3.14.7,DFS,0.00033120000443886966,0.703125,42,True
553,9,DESKTOP-PCTS8TB,AMD Ryzen 7 7445HS w/ Radeon 740M Graphics,15.26,3.14.7,BFS,0.07875970000168309,269.8359375,8043,True
553,9,DESKTOP-PCTS8TB,AMD Ryzen 7 7445HS w/ Radeon 740M Graphics,15.26,3.14.7,DFS,0.0003169999981764704,0.703125,42,True
554,9,DESKTOP-PCTS8TB,AMD Ryzen 7 7445HS w/ Radeon 740M Graphics,15.26,3.14.7,BFS,0.07581039999786299,269.8359375,8043,True
554,9,DESKTOP-PCTS8TB,AMD Ryzen 7 7445HS w/ Radeon 740M Graphics,15.26,3.14.7,DFS,0.0003946999931940809,0.703125,42,True
555,9,DESKTOP-PCTS8TB,AMD Ryzen 7 7445HS w/ Radeon 740M Graphics,15.26,3.14.7,BFS,0.0757494000135921,269.8359375,8043,True
555,9,DESKTOP-PCTS8TB,AMD Ryzen 7 7445HS w/ Radeon 740M Graphics,15.26,3.14.7,DFS,0.000312299991492182,0.703125,42,True
556,9,DESKTOP-PCTS8TB,AMD Ryzen 7 7445HS w/ Radeon 740M Graphics,15.26,3.14.7,BFS,0.07582270000420976,269.8359375,8043,True
556,9,DESKTOP-PCTS8TB,AMD Ryzen 7 7445HS w/ Radeon 740M Graphics,15.26,3.14.7,DFS,0.0003158000035909936,0.703125,42,True
557,9,DESKTOP-PCTS8TB,AMD Ryzen 7 7445HS w/ Radeon 740M Graphics,15.26,3.14.7,BFS,0.07510200000251643,269.8359375,8043,True
557,9,DESKTOP-PCTS8TB,AMD Ryzen 7 7445HS w/ Radeon 740M Graphics,15.26,3.14.7,DFS,0.0003065000055357814,0.703125,42,True
558,9,DESKTOP-PCTS8TB,AMD Ryzen 7 7445HS w/ Radeon 740M Graphics,15.26,3.14.7,BFS,0.08175899999332614,269.8359375,8043,True
558,9,DESKTOP-PCTS8TB,AMD Ryzen 7 7445HS w/ Radeon 740M Graphics,15.26,3.14.7,DFS,0.000384299986762926,0.703125,42,True
559,9,DESKTOP-PCTS8TB,AMD Ryzen 7 7445HS w/ Radeon 740M Graphics,15.26,3.14.7,BFS,0.0772376999957487,269.8359375,8043,True
559,9,DESKTOP-PCTS8TB,AMD Ryzen 7 7445HS w/ Radeon 740M Graphics,15.26,3.14.7,DFS,0.0003130999975837767,0.703125,42,True
560,9,DESKTOP-PCTS8TB,AMD Ryzen 7 7445HS w/ Radeon 740M Graphics,15.26,3.14.7,BFS,0.07446770000387914,269.8359375,8043,True
560,9,DESKTOP-PCTS8TB,AMD Ryzen 7 7445HS w/ Radeon 740M Graphics,15.26,3.14.7,DFS,0.0003507999936118722,0.703125,42,True
561,9,DESKTOP-PCTS8TB,AMD Ryzen 7 7445HS w/ Radeon 740M Graphics,15.26,3.14.7,BFS,0.07446509999863338,269.8359375,8043,True
561,9,DESKTOP-PCTS8TB,AMD Ryzen 7 7445HS w/ Radeon 740M Graphics,15.26,3.14.7,DFS,0.0003142000059597194,0.703125,42,True
562,9,DESKTOP-PCTS8TB,AMD Ryzen 7 7445HS w/ Radeon 740M Graphics,15.26,3.14.7,BFS,0.07599019999906886,269.8359375,8043,True
562,9,DESKTOP-PCTS8TB,AMD Ryzen 7 7445HS w/ Radeon 740M Graphics,15.26,3.14.7,DFS,0.00034389999927952886,0.703125,42,True
563,9,DESKTOP-PCTS8TB,AMD Ryzen 7 7445HS w/ Radeon 740M Graphics,15.26,3.14.7,BFS,0.07160329999169335,269.8359375,8043,True
563,9,DESKTOP-PCTS8TB,AMD Ryzen 7 7445HS w/ Radeon 740M Graphics,15.26,3.14.7,DFS,0.0003169999981764704,0.703125,42,True
564,9,DESKTOP-PCTS8TB,AMD Ryzen 7 7445HS w/ Radeon 740M Graphics,15.26,3.14.7,BFS,0.07341759999690112,269.8359375,8043,True
564,9,DESKTOP-PCTS8TB,AMD Ryzen 7 7445HS w/ Radeon 740M Graphics,15.26,3.14.7,DFS,0.0003409999917494133,0.703125,42,True
565,9,DESKTOP-PCTS8TB,AMD Ryzen 7 7445HS w/ Radeon 740M Graphics,15.26,3.14.7,BFS,0.07672850000381004,269.8359375,8043,True
565,9,DESKTOP-PCTS8TB,AMD Ryzen 7 7445HS w/ Radeon 740M Graphics,15.26,3.14.7,DFS,0.00021769999875687063,0.703125,42,True
566,9,DESKTOP-PCTS8TB,AMD Ryzen 7 7445HS w/ Radeon 740M Graphics,15.26,3.14.7,BFS,0.0803812999947695,269.8359375,8043,True
566,9,DESKTOP-PCTS8TB,AMD Ryzen 7 7445HS w/ Radeon 740M Graphics,15.26,3.14.7,DFS,0.0003176000027451664,0.703125,42,True
567,9,DESKTOP-PCTS8TB,AMD Ryzen 7 7445HS w/ Radeon 740M Graphics,15.26,3.14.7,BFS,0.07678109999687877,269.8359375,8043,True
567,9,DESKTOP-PCTS8TB,AMD Ryzen 7 7445HS w/ Radeon 740M Graphics,15.26,3.14.7,DFS,0.00032509998709429055,0.703125,42,True
568,9,DESKTOP-PCTS8TB,AMD Ryzen 7 7445HS w/ Radeon 740M Graphics,15.26,3.14.7,BFS,0.07641249999869615,269.8359375,8043,True
568,9,DESKTOP-PCTS8TB,AMD Ryzen 7 7445HS w/ Radeon 740M Graphics,15.26,3.14.7,DFS,0.00031210000452119857,0.703125,42,True
569,9,DESKTOP-PCTS8TB,AMD Ryzen 7 7445HS w/ Radeon 740M Graphics,15.26,3.14.7,BFS,0.07609650000813417,269.8359375,8043,True
569,9,DESKTOP-PCTS8TB,AMD Ryzen 7 7445HS w/ Radeon 740M Graphics,15.26,3.14.7,DFS,0.0003028999926755205,0.703125,42,True
570,9,DESKTOP-PCTS8TB,AMD Ryzen 7 7445HS w/ Radeon 740M Graphics,15.26,3.14.7,BFS,0.07375550000870135,269.8359375,8043,True
570,9,DESKTOP-PCTS8TB,AMD Ryzen 7 7445HS w/ Radeon 740M Graphics,15.26,3.14.7,DFS,0.0004028999974252656,0.703125,42,True
571,9,DESKTOP-PCTS8TB,AMD Ryzen 7 7445HS w/ Radeon 740M Graphics,15.26,3.14.7,BFS,0.07529979999526404,269.8359375,8043,True
571,9,DESKTOP-PCTS8TB,AMD Ryzen 7 7445HS w/ Radeon 740M Graphics,15.26,3.14.7,DFS,0.00036859999818261713,0.703125,42,True
572,9,DESKTOP-PCTS8TB,AMD Ryzen 7 7445HS w/ Radeon 740M Graphics,15.26,3.14.7,BFS,0.07545260000915732,269.8359375,8043,True
572,9,DESKTOP-PCTS8TB,AMD Ryzen 7 7445HS w/ Radeon 740M Graphics,15.26,3.14.7,DFS,0.0005464999994728714,0.703125,42,True
573,9,DESKTOP-PCTS8TB,AMD Ryzen 7 7445HS w/ Radeon 740M Graphics,15.26,3.14.7,BFS,0.074036400008481,269.8359375,8043,True
573,9,DESKTOP-PCTS8TB,AMD Ryzen 7 7445HS w/ Radeon 740M Graphics,15.26,3.14.7,DFS,0.00038270000368356705,0.703125,42,True
574,9,DESKTOP-PCTS8TB,AMD Ryzen 7 7445HS w/ Radeon 740M Graphics,15.26,3.14.7,BFS,0.07504540000809357,269.8359375,8043,True
574,9,DESKTOP-PCTS8TB,AMD Ryzen 7 7445HS w/ Radeon 740M Graphics,15.26,3.14.7,DFS,0.00030509999487549067,0.703125,42,True
575,9,DESKTOP-PCTS8TB,AMD Ryzen 7 7445HS w/ Radeon 740M Graphics,15.26,3.14.7,BFS,0.07141440000850707,269.8359375,8043,True
575,9,DESKTOP-PCTS8TB,AMD Ryzen 7 7445HS w/ Radeon 740M Graphics,15.26,3.14.7,DFS,0.000312299991492182,0.703125,42,True
576,9,DESKTOP-PCTS8TB,AMD Ryzen 7 7445HS w/ Radeon 740M Graphics,15.26,3.14.7,BFS,0.07297899998957291,269.8359375,8043,True
576,9,DESKTOP-PCTS8TB,AMD Ryzen 7 7445HS w/ Radeon 740M Graphics,15.26,3.14.7,DFS,0.0003102000046055764,0.703125,42,True
577,9,DESKTOP-PCTS8TB,AMD Ryzen 7 7445HS w/ Radeon 740M Graphics,15.26,3.14.7,BFS,0.07454719999805093,269.8359375,8043,True
577,9,DESKTOP-PCTS8TB,AMD Ryzen 7 7445HS w/ Radeon 740M Graphics,15.26,3.14.7,DFS,0.0003085000062128529,0.703125,42,True
578,9,DESKTOP-PCTS8TB,AMD Ryzen 7 7445HS w/ Radeon 740M Graphics,15.26,3.14.7,BFS,0.07563019999361131,269.8359375,8043,True
578,9,DESKTOP-PCTS8TB,AMD Ryzen 7 7445HS w/ Radeon 740M Graphics,15.26,3.14.7,DFS,0.00033039999834727496,0.703125,42,True
579,9,DESKTOP-PCTS8TB,AMD Ryzen 7 7445HS w/ Radeon 740M Graphics,15.26,3.14.7,BFS,0.07772909999766853,269.8359375,8043,True
579,9,DESKTOP-PCTS8TB,AMD Ryzen 7 7445HS w/ Radeon 740M Graphics,15.26,3.14.7,DFS,0.00032160000409930944,0.703125,42,True
580,9,DESKTOP-PCTS8TB,AMD Ryzen 7 7445HS w/ Radeon 740M Graphics,15.26,3.14.7,BFS,0.07243369999923743,269.8359375,8043,True
580,9,DESKTOP-PCTS8TB,AMD Ryzen 7 7445HS w/ Radeon 740M Graphics,15.26,3.14.7,DFS,0.00031350000062957406,0.703125,42,True
581,9,DESKTOP-PCTS8TB,AMD Ryzen 7 7445HS w/ Radeon 740M Graphics,15.26,3.14.7,BFS,0.07372749999922235,269.8359375,8043,True
581,9,DESKTOP-PCTS8TB,AMD Ryzen 7 7445HS w/ Radeon 740M Graphics,15.26,3.14.7,DFS,0.0002406999992672354,0.703125,42,True
582,9,DESKTOP-PCTS8TB,AMD Ryzen 7 7445HS w/ Radeon 740M Graphics,15.26,3.14.7,BFS,0.07364300001063384,269.8359375,8043,True
582,9,DESKTOP-PCTS8TB,AMD Ryzen 7 7445HS w/ Radeon 740M Graphics,15.26,3.14.7,DFS,0.00034679999225772917,0.703125,42,True
583,9,DESKTOP-PCTS8TB,AMD Ryzen 7 7445HS w/ Radeon 740M Graphics,15.26,3.14.7,BFS,0.07743220000702422,269.8359375,8043,True
583,9,DESKTOP-PCTS8TB,AMD Ryzen 7 7445HS w/ Radeon 740M Graphics,15.26,3.14.7,DFS,0.00020580001000780612,0.703125,42,True
584,9,DESKTOP-PCTS8TB,AMD Ryzen 7 7445HS w/ Radeon 740M Graphics,15.26,3.14.7,BFS,0.07439569999405649,269.8359375,8043,True
584,9,DESKTOP-PCTS8TB,AMD Ryzen 7 7445HS w/ Radeon 740M Graphics,15.26,3.14.7,DFS,0.0003556000010576099,0.703125,42,True
585,9,DESKTOP-PCTS8TB,AMD Ryzen 7 7445HS w/ Radeon 740M Graphics,15.26,3.14.7,BFS,0.07491670000308659,269.8359375,8043,True
585,9,DESKTOP-PCTS8TB,AMD Ryzen 7 7445HS w/ Radeon 740M Graphics,15.26,3.14.7,DFS,0.00031480001052841544,0.703125,42,True
586,9,DESKTOP-PCTS8TB,AMD Ryzen 7 7445HS w/ Radeon 740M Graphics,15.26,3.14.7,BFS,0.07567029999336228,269.8359375,8043,True
586,9,DESKTOP-PCTS8TB,AMD Ryzen 7 7445HS w/ Radeon 740M Graphics,15.26,3.14.7,DFS,0.00021070000366307795,0.703125,42,True
587,9,DESKTOP-PCTS8TB,AMD Ryzen 7 7445HS w/ Radeon 740M Graphics,15.26,3.14.7,BFS,0.07955799999763258,269.8359375,8043,True
587,9,DESKTOP-PCTS8TB,AMD Ryzen 7 7445HS w/ Radeon 740M Graphics,15.26,3.14.7,DFS,0.0003212000010535121,0.703125,42,True
588,9,DESKTOP-PCTS8TB,AMD Ryzen 7 7445HS w/ Radeon 740M Graphics,15.26,3.14.7,BFS,0.07289619999937713,269.8359375,8043,True
588,9,DESKTOP-PCTS8TB,AMD Ryzen 7 7445HS w/ Radeon 740M Graphics,15.26,3.14.7,DFS,0.0006997000018600374,0.703125,42,True
589,9,DESKTOP-PCTS8TB,AMD Ryzen 7 7445HS w/ Radeon 740M Graphics,15.26,3.14.7,BFS,0.07476920000044629,269.8359375,8043,True
589,9,DESKTOP-PCTS8TB,AMD Ryzen 7 7445HS w/ Radeon 740M Graphics,15.26,3.14.7,DFS,0.0009508999937679619,0.703125,42,True
590,9,DESKTOP-PCTS8TB,AMD Ryzen 7 7445HS w/ Radeon 740M Graphics,15.26,3.14.7,BFS,0.07456220001040492,269.8359375,8043,True
590,9,DESKTOP-PCTS8TB,AMD Ryzen 7 7445HS w/ Radeon 740M Graphics,15.26,3.14.7,DFS,0.00030449999030679464,0.703125,42,True
591,9,DESKTOP-PCTS8TB,AMD Ryzen 7 7445HS w/ Radeon 740M Graphics,15.26,3.14.7,BFS,0.07431050000013784,269.8359375,8043,True
591,9,DESKTOP-PCTS8TB,AMD Ryzen 7 7445HS w/ Radeon 740M Graphics,15.26,3.14.7,DFS,0.00030869999318383634,0.703125,42,True
592,9,DESKTOP-PCTS8TB,AMD Ryzen 7 7445HS w/ Radeon 740M Graphics,15.26,3.14.7,BFS,0.07462229998782277,269.8359375,8043,True
592,9,DESKTOP-PCTS8TB,AMD Ryzen 7 7445HS w/ Radeon 740M Graphics,15.26,3.14.7,DFS,0.000308599992422387,0.703125,42,True
593,9,DESKTOP-PCTS8TB,AMD Ryzen 7 7445HS w/ Radeon 740M Graphics,15.26,3.14.7,BFS,0.0723372000065865,269.8359375,8043,True
593,9,DESKTOP-PCTS8TB,AMD Ryzen 7 7445HS w/ Radeon 740M Graphics,15.26,3.14.7,DFS,0.00031319999834522605,0.703125,42,True
594,9,DESKTOP-PCTS8TB,AMD Ryzen 7 7445HS w/ Radeon 740M Graphics,15.26,3.14.7,BFS,0.07501380000030622,269.8359375,8043,True
594,9,DESKTOP-PCTS8TB,AMD Ryzen 7 7445HS w/ Radeon 740M Graphics,15.26,3.14.7,DFS,0.0003108999953838065,0.703125,42,True
595,9,DESKTOP-PCTS8TB,AMD Ryzen 7 7445HS w/ Radeon 740M Graphics,15.26,3.14.7,BFS,0.06752939999569207,269.8359375,8043,True
595,9,DESKTOP-PCTS8TB,AMD Ryzen 7 7445HS w/ Radeon 740M Graphics,15.26,3.14.7,DFS,0.00031290001061279327,0.703125,42,True
596,9,DESKTOP-PCTS8TB,AMD Ryzen 7 7445HS w/ Radeon 740M Graphics,15.26,3.14.7,BFS,0.07313920000160579,269.8359375,8043,True
596,9,DESKTOP-PCTS8TB,AMD Ryzen 7 7445HS w/ Radeon 740M Graphics,15.26,3.14.7,DFS,0.00036049999471288174,0.703125,42,True
597,9,DESKTOP-PCTS8TB,AMD Ryzen 7 7445HS w/ Radeon 740M Graphics,15.26,3.14.7,BFS,0.07748770000762306,269.8359375,8043,True
597,9,DESKTOP-PCTS8TB,AMD Ryzen 7 7445HS w/ Radeon 740M Graphics,15.26,3.14.7,DFS,0.0005589000065810978,0.703125,42,True
598,9,DESKTOP-PCTS8TB,AMD Ryzen 7 7445HS w/ Radeon 740M Graphics,15.26,3.14.7,BFS,0.07631650000985246,269.8359375,8043,True
598,9,DESKTOP-PCTS8TB,AMD Ryzen 7 7445HS w/ Radeon 740M Graphics,15.26,3.14.7,DFS,0.0002066000015474856,0.703125,42,True
599,9,DESKTOP-PCTS8TB,AMD Ryzen 7 7445HS w/ Radeon 740M Graphics,15.26,3.14.7,BFS,0.07543389999773353,269.8359375,8043,True
599,9,DESKTOP-PCTS8TB,AMD Ryzen 7 7445HS w/ Radeon 740M Graphics,15.26,3.14.7,DFS,0.0003132999991066754,0.703125,42,True
600,9,DESKTOP-PCTS8TB,AMD Ryzen 7 7445HS w/ Radeon 740M Graphics,15.26,3.14.7,BFS,0.07820879999781027,269.8359375,8043,True
600,9,DESKTOP-PCTS8TB,AMD Ryzen 7 7445HS w/ Radeon 740M Graphics,15.26,3.14.7,DFS,0.00032700000156182796,0.703125,42,True
601,10,DESKTOP-PCTS8TB,AMD Ryzen 7 7445HS w/ Radeon 740M Graphics,15.26,3.14.7,BFS,0.43546920000517275,1606.46875,34816,True
601,10,DESKTOP-PCTS8TB,AMD Ryzen 7 7445HS w/ Radeon 740M Graphics,15.26,3.14.7,DFS,0.0007289999921340495,0.9296875,103,True
602,10,DESKTOP-PCTS8TB,AMD Ryzen 7 7445HS w/ Radeon 740M Graphics,15.26,3.14.7,BFS,0.4449626999994507,1606.46875,34816,True
602,10,DESKTOP-PCTS8TB,AMD Ryzen 7 7445HS w/ Radeon 740M Graphics,15.26,3.14.7,DFS,0.0008680000028107315,0.9296875,103,True
603,10,DESKTOP-PCTS8TB,AMD Ryzen 7 7445HS w/ Radeon 740M Graphics,15.26,3.14.7,BFS,0.44044900000153575,1606.46875,34816,True
603,10,DESKTOP-PCTS8TB,AMD Ryzen 7 7445HS w/ Radeon 740M Graphics,15.26,3.14.7,DFS,0.0008629999938420951,0.9296875,103,True
604,10,DESKTOP-PCTS8TB,AMD Ryzen 7 7445HS w/ Radeon 740M Graphics,15.26,3.14.7,BFS,0.4417264000076102,1606.46875,34816,True
604,10,DESKTOP-PCTS8TB,AMD Ryzen 7 7445HS w/ Radeon 740M Graphics,15.26,3.14.7,DFS,0.0008671000105096027,0.9296875,103,True
605,10,DESKTOP-PCTS8TB,AMD Ryzen 7 7445HS w/ Radeon 740M Graphics,15.26,3.14.7,BFS,0.44600830000126734,1606.46875,34816,True
605,10,DESKTOP-PCTS8TB,AMD Ryzen 7 7445HS w/ Radeon 740M Graphics,15.26,3.14.7,DFS,0.0005885999999009073,0.9296875,103,True
606,10,DESKTOP-PCTS8TB,AMD Ryzen 7 7445HS w/ Radeon 740M Graphics,15.26,3.14.7,BFS,0.43970529999933206,1606.46875,34816,True
606,10,DESKTOP-PCTS8TB,AMD Ryzen 7 7445HS w/ Radeon 740M Graphics,15.26,3.14.7,DFS,0.0008439999946858734,0.9296875,103,True
607,10,DESKTOP-PCTS8TB,AMD Ryzen 7 7445HS w/ Radeon 740M Graphics,15.26,3.14.7,BFS,0.44371350000437815,1606.46875,34816,True
607,10,DESKTOP-PCTS8TB,AMD Ryzen 7 7445HS w/ Radeon 740M Graphics,15.26,3.14.7,DFS,0.0008344999951077625,0.9296875,103,True
608,10,DESKTOP-PCTS8TB,AMD Ryzen 7 7445HS w/ Radeon 740M Graphics,15.26,3.14.7,BFS,0.4437118000059854,1606.46875,34816,True
608,10,DESKTOP-PCTS8TB,AMD Ryzen 7 7445HS w/ Radeon 740M Graphics,15.26,3.14.7,DFS,0.0012685000110650435,0.9296875,103,True
609,10,DESKTOP-PCTS8TB,AMD Ryzen 7 7445HS w/ Radeon 740M Graphics,15.26,3.14.7,BFS,0.6077877000061562,1606.578125,34816,True
609,10,DESKTOP-PCTS8TB,AMD Ryzen 7 7445HS w/ Radeon 740M Graphics,15.26,3.14.7,DFS,0.000985699996817857,0.9296875,103,True
610,10,DESKTOP-PCTS8TB,AMD Ryzen 7 7445HS w/ Radeon 740M Graphics,15.26,3.14.7,BFS,0.4517828000098234,1606.46875,34816,True
610,10,DESKTOP-PCTS8TB,AMD Ryzen 7 7445HS w/ Radeon 740M Graphics,15.26,3.14.7,DFS,0.000862000000779517,0.9296875,103,True
611,10,DESKTOP-PCTS8TB,AMD Ryzen 7 7445HS w/ Radeon 740M Graphics,15.26,3.14.7,BFS,0.440111000003526,1606.46875,34816,True
611,10,DESKTOP-PCTS8TB,AMD Ryzen 7 7445HS w/ Radeon 740M Graphics,15.26,3.14.7,DFS,0.0006316000071819872,0.9296875,103,True
612,10,DESKTOP-PCTS8TB,AMD Ryzen 7 7445HS w/ Radeon 740M Graphics,15.26,3.14.7,BFS,0.45325819999561645,1606.46875,34816,True
612,10,DESKTOP-PCTS8TB,AMD Ryzen 7 7445HS w/ Radeon 740M Graphics,15.26,3.14.7,DFS,0.0009282999963033944,0.9296875,103,True
613,10,DESKTOP-PCTS8TB,AMD Ryzen 7 7445HS w/ Radeon 740M Graphics,15.26,3.14.7,BFS,0.4529264000011608,1606.46875,34816,True
613,10,DESKTOP-PCTS8TB,AMD Ryzen 7 7445HS w/ Radeon 740M Graphics,15.26,3.14.7,DFS,0.0008283000061055645,0.9296875,103,True
614,10,DESKTOP-PCTS8TB,AMD Ryzen 7 7445HS w/ Radeon 740M Graphics,15.26,3.14.7,BFS,0.4426082999998471,1606.46875,34816,True
614,10,DESKTOP-PCTS8TB,AMD Ryzen 7 7445HS w/ Radeon 740M Graphics,15.26,3.14.7,DFS,0.0008476999937556684,0.9296875,103,True
615,10,DESKTOP-PCTS8TB,AMD Ryzen 7 7445HS w/ Radeon 740M Graphics,15.26,3.14.7,BFS,0.4404304000054253,1606.46875,34816,True
615,10,DESKTOP-PCTS8TB,AMD Ryzen 7 7445HS w/ Radeon 740M Graphics,15.26,3.14.7,DFS,0.0008853000035742298,0.9296875,103,True
616,10,DESKTOP-PCTS8TB,AMD Ryzen 7 7445HS w/ Radeon 740M Graphics,15.26,3.14.7,BFS,0.4435871000023326,1606.46875,34816,True
616,10,DESKTOP-PCTS8TB,AMD Ryzen 7 7445HS w/ Radeon 740M Graphics,15.26,3.14.7,DFS,0.0009314000053564087,0.9296875,103,True
617,10,DESKTOP-PCTS8TB,AMD Ryzen 7 7445HS w/ Radeon 740M Graphics,15.26,3.14.7,BFS,0.4478757000033511,1606.46875,34816,True
617,10,DESKTOP-PCTS8TB,AMD Ryzen 7 7445HS w/ Radeon 740M Graphics,15.26,3.14.7,DFS,0.0008885999995982274,0.9296875,103,True
618,10,DESKTOP-PCTS8TB,AMD Ryzen 7 7445HS w/ Radeon 740M Graphics,15.26,3.14.7,BFS,0.44615790000534616,1606.46875,34816,True
618,10,DESKTOP-PCTS8TB,AMD Ryzen 7 7445HS w/ Radeon 740M Graphics,15.26,3.14.7,DFS,0.0009348000021418557,0.9296875,103,True
619,10,DESKTOP-PCTS8TB,AMD Ryzen 7 7445HS w/ Radeon 740M Graphics,15.26,3.14.7,BFS,0.45589490000566,1606.46875,34816,True
619,10,DESKTOP-PCTS8TB,AMD Ryzen 7 7445HS w/ Radeon 740M Graphics,15.26,3.14.7,DFS,0.001004199992166832,0.9296875,103,True
620,10,DESKTOP-PCTS8TB,AMD Ryzen 7 7445HS w/ Radeon 740M Graphics,15.26,3.14.7,BFS,0.44740609999280423,1606.46875,34816,True
620,10,DESKTOP-PCTS8TB,AMD Ryzen 7 7445HS w/ Radeon 740M Graphics,15.26,3.14.7,DFS,0.0009733000042615458,0.9296875,103,True
621,10,DESKTOP-PCTS8TB,AMD Ryzen 7 7445HS w/ Radeon 740M Graphics,15.26,3.14.7,BFS,0.44431469999835826,1606.46875,34816,True
621,10,DESKTOP-PCTS8TB,AMD Ryzen 7 7445HS w/ Radeon 740M Graphics,15.26,3.14.7,DFS,0.0010053000005427748,0.9296875,103,True
622,10,DESKTOP-PCTS8TB,AMD Ryzen 7 7445HS w/ Radeon 740M Graphics,15.26,3.14.7,BFS,0.4497553999972297,1606.46875,34816,True
622,10,DESKTOP-PCTS8TB,AMD Ryzen 7 7445HS w/ Radeon 740M Graphics,15.26,3.14.7,DFS,0.0008462000114377588,0.9296875,103,True
623,10,DESKTOP-PCTS8TB,AMD Ryzen 7 7445HS w/ Radeon 740M Graphics,15.26,3.14.7,BFS,0.44611689999874216,1606.46875,34816,True
623,10,DESKTOP-PCTS8TB,AMD Ryzen 7 7445HS w/ Radeon 740M Graphics,15.26,3.14.7,DFS,0.0014186000043991953,0.9296875,103,True
624,10,DESKTOP-PCTS8TB,AMD Ryzen 7 7445HS w/ Radeon 740M Graphics,15.26,3.14.7,BFS,0.4437398000009125,1606.46875,34816,True
624,10,DESKTOP-PCTS8TB,AMD Ryzen 7 7445HS w/ Radeon 740M Graphics,15.26,3.14.7,DFS,0.0010163999977521598,0.9296875,103,True
625,10,DESKTOP-PCTS8TB,AMD Ryzen 7 7445HS w/ Radeon 740M Graphics,15.26,3.14.7,BFS,0.44720419999794103,1606.46875,34816,True
625,10,DESKTOP-PCTS8TB,AMD Ryzen 7 7445HS w/ Radeon 740M Graphics,15.26,3.14.7,DFS,0.0010183999984292313,0.9296875,103,True
626,10,DESKTOP-PCTS8TB,AMD Ryzen 7 7445HS w/ Radeon 740M Graphics,15.26,3.14.7,BFS,0.6043871000001673,1606.578125,34816,True
626,10,DESKTOP-PCTS8TB,AMD Ryzen 7 7445HS w/ Radeon 740M Graphics,15.26,3.14.7,DFS,0.0016407999937655404,0.9296875,103,True
627,10,DESKTOP-PCTS8TB,AMD Ryzen 7 7445HS w/ Radeon 740M Graphics,15.26,3.14.7,BFS,0.44814340000448283,1606.46875,34816,True
627,10,DESKTOP-PCTS8TB,AMD Ryzen 7 7445HS w/ Radeon 740M Graphics,15.26,3.14.7,DFS,0.0008563000010326505,0.9296875,103,True
628,10,DESKTOP-PCTS8TB,AMD Ryzen 7 7445HS w/ Radeon 740M Graphics,15.26,3.14.7,BFS,0.4398883000103524,1606.46875,34816,True
628,10,DESKTOP-PCTS8TB,AMD Ryzen 7 7445HS w/ Radeon 740M Graphics,15.26,3.14.7,DFS,0.0009434999956283718,0.9296875,103,True
629,10,DESKTOP-PCTS8TB,AMD Ryzen 7 7445HS w/ Radeon 740M Graphics,15.26,3.14.7,BFS,0.4418514999997569,1606.46875,34816,True
629,10,DESKTOP-PCTS8TB,AMD Ryzen 7 7445HS w/ Radeon 740M Graphics,15.26,3.14.7,DFS,0.0012714000040432438,0.9296875,103,True
630,10,DESKTOP-PCTS8TB,AMD Ryzen 7 7445HS w/ Radeon 740M Graphics,15.26,3.14.7,BFS,0.4550963000074262,1606.46875,34816,True
630,10,DESKTOP-PCTS8TB,AMD Ryzen 7 7445HS w/ Radeon 740M Graphics,15.26,3.14.7,DFS,0.0008493000059388578,0.9296875,103,True
631,10,DESKTOP-PCTS8TB,AMD Ryzen 7 7445HS w/ Radeon 740M Graphics,15.26,3.14.7,BFS,0.43928270001197234,1606.46875,34816,True
631,10,DESKTOP-PCTS8TB,AMD Ryzen 7 7445HS w/ Radeon 740M Graphics,15.26,3.14.7,DFS,0.000585400004638359,0.9296875,103,True
632,10,DESKTOP-PCTS8TB,AMD Ryzen 7 7445HS w/ Radeon 740M Graphics,15.26,3.14.7,BFS,0.453772900000331,1606.46875,34816,True
632,10,DESKTOP-PCTS8TB,AMD Ryzen 7 7445HS w/ Radeon 740M Graphics,15.26,3.14.7,DFS,0.000840499997138977,0.9296875,103,True
633,10,DESKTOP-PCTS8TB,AMD Ryzen 7 7445HS w/ Radeon 740M Graphics,15.26,3.14.7,BFS,0.4471365000063088,1606.46875,34816,True
633,10,DESKTOP-PCTS8TB,AMD Ryzen 7 7445HS w/ Radeon 740M Graphics,15.26,3.14.7,DFS,0.000595899997279048,0.9296875,103,True
634,10,DESKTOP-PCTS8TB,AMD Ryzen 7 7445HS w/ Radeon 740M Graphics,15.26,3.14.7,BFS,0.44293350000225473,1606.46875,34816,True
634,10,DESKTOP-PCTS8TB,AMD Ryzen 7 7445HS w/ Radeon 740M Graphics,15.26,3.14.7,DFS,0.0008602000016253442,0.9296875,103,True
635,10,DESKTOP-PCTS8TB,AMD Ryzen 7 7445HS w/ Radeon 740M Graphics,15.26,3.14.7,BFS,0.4410739000013564,1606.46875,34816,True
635,10,DESKTOP-PCTS8TB,AMD Ryzen 7 7445HS w/ Radeon 740M Graphics,15.26,3.14.7,DFS,0.0008282000053441152,0.9296875,103,True
636,10,DESKTOP-PCTS8TB,AMD Ryzen 7 7445HS w/ Radeon 740M Graphics,15.26,3.14.7,BFS,0.4456659999996191,1606.46875,34816,True
636,10,DESKTOP-PCTS8TB,AMD Ryzen 7 7445HS w/ Radeon 740M Graphics,15.26,3.14.7,DFS,0.0016497999895364046,0.9296875,103,True
637,10,DESKTOP-PCTS8TB,AMD Ryzen 7 7445HS w/ Radeon 740M Graphics,15.26,3.14.7,BFS,0.43965380000008736,1606.46875,34816,True
637,10,DESKTOP-PCTS8TB,AMD Ryzen 7 7445HS w/ Radeon 740M Graphics,15.26,3.14.7,DFS,0.0009329999884357676,0.9296875,103,True
638,10,DESKTOP-PCTS8TB,AMD Ryzen 7 7445HS w/ Radeon 740M Graphics,15.26,3.14.7,BFS,0.44741619999695104,1606.46875,34816,True
638,10,DESKTOP-PCTS8TB,AMD Ryzen 7 7445HS w/ Radeon 740M Graphics,15.26,3.14.7,DFS,0.0009309999877586961,0.9296875,103,True
639,10,DESKTOP-PCTS8TB,AMD Ryzen 7 7445HS w/ Radeon 740M Graphics,15.26,3.14.7,BFS,0.4412705000140704,1606.46875,34816,True
639,10,DESKTOP-PCTS8TB,AMD Ryzen 7 7445HS w/ Radeon 740M Graphics,15.26,3.14.7,DFS,0.000847800009069033,0.9296875,103,True
640,10,DESKTOP-PCTS8TB,AMD Ryzen 7 7445HS w/ Radeon 740M Graphics,15.26,3.14.7,BFS,0.4382134000043152,1606.46875,34816,True
640,10,DESKTOP-PCTS8TB,AMD Ryzen 7 7445HS w/ Radeon 740M Graphics,15.26,3.14.7,DFS,0.001000799995381385,0.9296875,103,True
641,10,DESKTOP-PCTS8TB,AMD Ryzen 7 7445HS w/ Radeon 740M Graphics,15.26,3.14.7,BFS,0.4492095000023255,1606.46875,34816,True
641,10,DESKTOP-PCTS8TB,AMD Ryzen 7 7445HS w/ Radeon 740M Graphics,15.26,3.14.7,DFS,0.0009628999978303909,0.9296875,103,True
642,10,DESKTOP-PCTS8TB,AMD Ryzen 7 7445HS w/ Radeon 740M Graphics,15.26,3.14.7,BFS,0.4477599999954691,1606.46875,34816,True
642,10,DESKTOP-PCTS8TB,AMD Ryzen 7 7445HS w/ Radeon 740M Graphics,15.26,3.14.7,DFS,0.0008861000096658245,0.9296875,103,True
643,10,DESKTOP-PCTS8TB,AMD Ryzen 7 7445HS w/ Radeon 740M Graphics,15.26,3.14.7,BFS,0.6442505000013625,1606.578125,34816,True
643,10,DESKTOP-PCTS8TB,AMD Ryzen 7 7445HS w/ Radeon 740M Graphics,15.26,3.14.7,DFS,0.0009768999880179763,0.9296875,103,True
644,10,DESKTOP-PCTS8TB,AMD Ryzen 7 7445HS w/ Radeon 740M Graphics,15.26,3.14.7,BFS,0.46419040000182576,1606.46875,34816,True
644,10,DESKTOP-PCTS8TB,AMD Ryzen 7 7445HS w/ Radeon 740M Graphics,15.26,3.14.7,DFS,0.0009401999996043742,0.9296875,103,True
645,10,DESKTOP-PCTS8TB,AMD Ryzen 7 7445HS w/ Radeon 740M Graphics,15.26,3.14.7,BFS,0.45443779999914113,1606.46875,34816,True
645,10,DESKTOP-PCTS8TB,AMD Ryzen 7 7445HS w/ Radeon 740M Graphics,15.26,3.14.7,DFS,0.0008704000065336004,0.9296875,103,True
646,10,DESKTOP-PCTS8TB,AMD Ryzen 7 7445HS w/ Radeon 740M Graphics,15.26,3.14.7,BFS,0.4556130999990273,1606.46875,34816,True
646,10,DESKTOP-PCTS8TB,AMD Ryzen 7 7445HS w/ Radeon 740M Graphics,15.26,3.14.7,DFS,0.000647599998046644,0.9296875,103,True
647,10,DESKTOP-PCTS8TB,AMD Ryzen 7 7445HS w/ Radeon 740M Graphics,15.26,3.14.7,BFS,0.45076419999531936,1606.46875,34816,True
647,10,DESKTOP-PCTS8TB,AMD Ryzen 7 7445HS w/ Radeon 740M Graphics,15.26,3.14.7,DFS,0.0006170999986352399,0.9296875,103,True
648,10,DESKTOP-PCTS8TB,AMD Ryzen 7 7445HS w/ Radeon 740M Graphics,15.26,3.14.7,BFS,0.4426776000036625,1606.46875,34816,True
648,10,DESKTOP-PCTS8TB,AMD Ryzen 7 7445HS w/ Radeon 740M Graphics,15.26,3.14.7,DFS,0.0008498999959556386,0.9296875,103,True
649,10,DESKTOP-PCTS8TB,AMD Ryzen 7 7445HS w/ Radeon 740M Graphics,15.26,3.14.7,BFS,0.4636287000030279,1606.46875,34816,True
649,10,DESKTOP-PCTS8TB,AMD Ryzen 7 7445HS w/ Radeon 740M Graphics,15.26,3.14.7,DFS,0.0009572999988449737,0.9296875,103,True
650,10,DESKTOP-PCTS8TB,AMD Ryzen 7 7445HS w/ Radeon 740M Graphics,15.26,3.14.7,BFS,0.4503035999950953,1606.46875,34816,True
650,10,DESKTOP-PCTS8TB,AMD Ryzen 7 7445HS w/ Radeon 740M Graphics,15.26,3.14.7,DFS,0.0009381999989273027,0.9296875,103,True
651,10,DESKTOP-PCTS8TB,AMD Ryzen 7 7445HS w/ Radeon 740M Graphics,15.26,3.14.7,BFS,0.4496291000104975,1606.46875,34816,True
651,10,DESKTOP-PCTS8TB,AMD Ryzen 7 7445HS w/ Radeon 740M Graphics,15.26,3.14.7,DFS,0.0014573000080417842,0.9296875,103,True
652,10,DESKTOP-PCTS8TB,AMD Ryzen 7 7445HS w/ Radeon 740M Graphics,15.26,3.14.7,BFS,0.44748829999298323,1606.46875,34816,True
652,10,DESKTOP-PCTS8TB,AMD Ryzen 7 7445HS w/ Radeon 740M Graphics,15.26,3.14.7,DFS,0.0010027999960584566,0.9296875,103,True
653,10,DESKTOP-PCTS8TB,AMD Ryzen 7 7445HS w/ Radeon 740M Graphics,15.26,3.14.7,BFS,0.4515246999944793,1606.46875,34816,True
653,10,DESKTOP-PCTS8TB,AMD Ryzen 7 7445HS w/ Radeon 740M Graphics,15.26,3.14.7,DFS,0.0005621000018436462,0.9296875,103,True
654,10,DESKTOP-PCTS8TB,AMD Ryzen 7 7445HS w/ Radeon 740M Graphics,15.26,3.14.7,BFS,0.4534447000041837,1606.46875,34816,True
654,10,DESKTOP-PCTS8TB,AMD Ryzen 7 7445HS w/ Radeon 740M Graphics,15.26,3.14.7,DFS,0.0011403999960748479,0.9296875,103,True
655,10,DESKTOP-PCTS8TB,AMD Ryzen 7 7445HS w/ Radeon 740M Graphics,15.26,3.14.7,BFS,0.45322669998859055,1606.46875,34816,True
655,10,DESKTOP-PCTS8TB,AMD Ryzen 7 7445HS w/ Radeon 740M Graphics,15.26,3.14.7,DFS,0.0005750999989686534,0.9296875,103,True
656,10,DESKTOP-PCTS8TB,AMD Ryzen 7 7445HS w/ Radeon 740M Graphics,15.26,3.14.7,BFS,0.4651276000076905,1606.46875,34816,True
656,10,DESKTOP-PCTS8TB,AMD Ryzen 7 7445HS w/ Radeon 740M Graphics,15.26,3.14.7,DFS,0.0008726999949431047,0.9296875,103,True
657,10,DESKTOP-PCTS8TB,AMD Ryzen 7 7445HS w/ Radeon 740M Graphics,15.26,3.14.7,BFS,0.45080700000107754,1606.46875,34816,True
657,10,DESKTOP-PCTS8TB,AMD Ryzen 7 7445HS w/ Radeon 740M Graphics,15.26,3.14.7,DFS,0.0009237999911420047,0.9296875,103,True
658,10,DESKTOP-PCTS8TB,AMD Ryzen 7 7445HS w/ Radeon 740M Graphics,15.26,3.14.7,BFS,0.45110960000602063,1606.46875,34816,True
658,10,DESKTOP-PCTS8TB,AMD Ryzen 7 7445HS w/ Radeon 740M Graphics,15.26,3.14.7,DFS,0.0009563000057823956,0.9296875,103,True
659,10,DESKTOP-PCTS8TB,AMD Ryzen 7 7445HS w/ Radeon 740M Graphics,15.26,3.14.7,BFS,0.5912367999990238,1606.546875,34816,True
659,10,DESKTOP-PCTS8TB,AMD Ryzen 7 7445HS w/ Radeon 740M Graphics,15.26,3.14.7,DFS,0.0009060999873327091,0.9296875,103,True
660,10,DESKTOP-PCTS8TB,AMD Ryzen 7 7445HS w/ Radeon 740M Graphics,15.26,3.14.7,BFS,0.4451028000039514,1606.46875,34816,True
660,10,DESKTOP-PCTS8TB,AMD Ryzen 7 7445HS w/ Radeon 740M Graphics,15.26,3.14.7,DFS,0.0007668000034755096,0.9296875,103,True
661,10,DESKTOP-PCTS8TB,AMD Ryzen 7 7445HS w/ Radeon 740M Graphics,15.26,3.14.7,BFS,0.43836000000010245,1606.46875,34816,True
661,10,DESKTOP-PCTS8TB,AMD Ryzen 7 7445HS w/ Radeon 740M Graphics,15.26,3.14.7,DFS,0.0014789999986533076,0.9296875,103,True
662,10,DESKTOP-PCTS8TB,AMD Ryzen 7 7445HS w/ Radeon 740M Graphics,15.26,3.14.7,BFS,0.46280680000199936,1606.46875,34816,True
662,10,DESKTOP-PCTS8TB,AMD Ryzen 7 7445HS w/ Radeon 740M Graphics,15.26,3.14.7,DFS,0.0008462000114377588,0.9296875,103,True
663,10,DESKTOP-PCTS8TB,AMD Ryzen 7 7445HS w/ Radeon 740M Graphics,15.26,3.14.7,BFS,0.4415509000100428,1606.46875,34816,True
663,10,DESKTOP-PCTS8TB,AMD Ryzen 7 7445HS w/ Radeon 740M Graphics,15.26,3.14.7,DFS,0.0008612000092398375,0.9296875,103,True
664,10,DESKTOP-PCTS8TB,AMD Ryzen 7 7445HS w/ Radeon 740M Graphics,15.26,3.14.7,BFS,0.44032559999322984,1606.46875,34816,True
664,10,DESKTOP-PCTS8TB,AMD Ryzen 7 7445HS w/ Radeon 740M Graphics,15.26,3.14.7,DFS,0.000741399999242276,0.9296875,103,True
665,10,DESKTOP-PCTS8TB,AMD Ryzen 7 7445HS w/ Radeon 740M Graphics,15.26,3.14.7,BFS,0.4574735000060173,1606.46875,34816,True
665,10,DESKTOP-PCTS8TB,AMD Ryzen 7 7445HS w/ Radeon 740M Graphics,15.26,3.14.7,DFS,0.0010654000070644543,0.9296875,103,True
666,10,DESKTOP-PCTS8TB,AMD Ryzen 7 7445HS w/ Radeon 740M Graphics,15.26,3.14.7,BFS,0.4467688000004273,1606.46875,34816,True
666,10,DESKTOP-PCTS8TB,AMD Ryzen 7 7445HS w/ Radeon 740M Graphics,15.26,3.14.7,DFS,0.0008633000106783584,0.9296875,103,True
667,10,DESKTOP-PCTS8TB,AMD Ryzen 7 7445HS w/ Radeon 740M Graphics,15.26,3.14.7,BFS,0.45406099999672733,1606.46875,34816,True
667,10,DESKTOP-PCTS8TB,AMD Ryzen 7 7445HS w/ Radeon 740M Graphics,15.26,3.14.7,DFS,0.0008222999895224348,0.9296875,103,True
668,10,DESKTOP-PCTS8TB,AMD Ryzen 7 7445HS w/ Radeon 740M Graphics,15.26,3.14.7,BFS,0.4448778000078164,1606.46875,34816,True
668,10,DESKTOP-PCTS8TB,AMD Ryzen 7 7445HS w/ Radeon 740M Graphics,15.26,3.14.7,DFS,0.000937699995120056,0.9296875,103,True
669,10,DESKTOP-PCTS8TB,AMD Ryzen 7 7445HS w/ Radeon 740M Graphics,15.26,3.14.7,BFS,0.4441402000084054,1606.46875,34816,True
669,10,DESKTOP-PCTS8TB,AMD Ryzen 7 7445HS w/ Radeon 740M Graphics,15.26,3.14.7,DFS,0.0008344999951077625,0.9296875,103,True
670,10,DESKTOP-PCTS8TB,AMD Ryzen 7 7445HS w/ Radeon 740M Graphics,15.26,3.14.7,BFS,0.4424033000104828,1606.46875,34816,True
670,10,DESKTOP-PCTS8TB,AMD Ryzen 7 7445HS w/ Radeon 740M Graphics,15.26,3.14.7,DFS,0.00087189998885151,0.9296875,103,True
671,10,DESKTOP-PCTS8TB,AMD Ryzen 7 7445HS w/ Radeon 740M Graphics,15.26,3.14.7,BFS,0.44709630000579637,1606.46875,34816,True
671,10,DESKTOP-PCTS8TB,AMD Ryzen 7 7445HS w/ Radeon 740M Graphics,15.26,3.14.7,DFS,0.0008432000031461939,0.9296875,103,True
672,10,DESKTOP-PCTS8TB,AMD Ryzen 7 7445HS w/ Radeon 740M Graphics,15.26,3.14.7,BFS,0.44213560000935104,1606.46875,34816,True
672,10,DESKTOP-PCTS8TB,AMD Ryzen 7 7445HS w/ Radeon 740M Graphics,15.26,3.14.7,DFS,0.0008360999927390367,0.9296875,103,True
673,10,DESKTOP-PCTS8TB,AMD Ryzen 7 7445HS w/ Radeon 740M Graphics,15.26,3.14.7,BFS,0.43940160000056494,1606.46875,34816,True
673,10,DESKTOP-PCTS8TB,AMD Ryzen 7 7445HS w/ Radeon 740M Graphics,15.26,3.14.7,DFS,0.0008584000024711713,0.9296875,103,True
674,10,DESKTOP-PCTS8TB,AMD Ryzen 7 7445HS w/ Radeon 740M Graphics,15.26,3.14.7,BFS,0.4495981999934884,1606.46875,34816,True
674,10,DESKTOP-PCTS8TB,AMD Ryzen 7 7445HS w/ Radeon 740M Graphics,15.26,3.14.7,DFS,0.000825700000859797,0.9296875,103,True
675,10,DESKTOP-PCTS8TB,AMD Ryzen 7 7445HS w/ Radeon 740M Graphics,15.26,3.14.7,BFS,0.44731750000210013,1606.46875,34816,True
675,10,DESKTOP-PCTS8TB,AMD Ryzen 7 7445HS w/ Radeon 740M Graphics,15.26,3.14.7,DFS,0.0008525000012014061,0.9296875,103,True
676,10,DESKTOP-PCTS8TB,AMD Ryzen 7 7445HS w/ Radeon 740M Graphics,15.26,3.14.7,BFS,0.6220636999933049,1606.546875,34816,True
676,10,DESKTOP-PCTS8TB,AMD Ryzen 7 7445HS w/ Radeon 740M Graphics,15.26,3.14.7,DFS,0.0008310999983223155,0.9296875,103,True
677,10,DESKTOP-PCTS8TB,AMD Ryzen 7 7445HS w/ Radeon 740M Graphics,15.26,3.14.7,BFS,0.44443309999769554,1606.46875,34816,True
677,10,DESKTOP-PCTS8TB,AMD Ryzen 7 7445HS w/ Radeon 740M Graphics,15.26,3.14.7,DFS,0.0010795999987749383,0.9296875,103,True
678,10,DESKTOP-PCTS8TB,AMD Ryzen 7 7445HS w/ Radeon 740M Graphics,15.26,3.14.7,BFS,0.44880299999204,1606.46875,34816,True
678,10,DESKTOP-PCTS8TB,AMD Ryzen 7 7445HS w/ Radeon 740M Graphics,15.26,3.14.7,DFS,0.0009227999980794266,0.9296875,103,True
679,10,DESKTOP-PCTS8TB,AMD Ryzen 7 7445HS w/ Radeon 740M Graphics,15.26,3.14.7,BFS,0.4507283999992069,1606.46875,34816,True
679,10,DESKTOP-PCTS8TB,AMD Ryzen 7 7445HS w/ Radeon 740M Graphics,15.26,3.14.7,DFS,0.0008574000094085932,0.9296875,103,True
680,10,DESKTOP-PCTS8TB,AMD Ryzen 7 7445HS w/ Radeon 740M Graphics,15.26,3.14.7,BFS,0.44645600000512786,1606.46875,34816,True
680,10,DESKTOP-PCTS8TB,AMD Ryzen 7 7445HS w/ Radeon 740M Graphics,15.26,3.14.7,DFS,0.0009772999910637736,0.9296875,103,True
681,10,DESKTOP-PCTS8TB,AMD Ryzen 7 7445HS w/ Radeon 740M Graphics,15.26,3.14.7,BFS,0.472478299998329,1606.46875,34816,True
681,10,DESKTOP-PCTS8TB,AMD Ryzen 7 7445HS w/ Radeon 740M Graphics,15.26,3.14.7,DFS,0.0010215999936917797,0.9296875,103,True
682,10,DESKTOP-PCTS8TB,AMD Ryzen 7 7445HS w/ Radeon 740M Graphics,15.26,3.14.7,BFS,0.44989479999640025,1606.46875,34816,True
682,10,DESKTOP-PCTS8TB,AMD Ryzen 7 7445HS w/ Radeon 740M Graphics,15.26,3.14.7,DFS,0.0008360000065295026,0.9296875,103,True
683,10,DESKTOP-PCTS8TB,AMD Ryzen 7 7445HS w/ Radeon 740M Graphics,15.26,3.14.7,BFS,0.4421081000036793,1606.46875,34816,True
683,10,DESKTOP-PCTS8TB,AMD Ryzen 7 7445HS w/ Radeon 740M Graphics,15.26,3.14.7,DFS,0.000998899995465763,0.9296875,103,True
684,10,DESKTOP-PCTS8TB,AMD Ryzen 7 7445HS w/ Radeon 740M Graphics,15.26,3.14.7,BFS,0.44365539999853354,1606.46875,34816,True
684,10,DESKTOP-PCTS8TB,AMD Ryzen 7 7445HS w/ Radeon 740M Graphics,15.26,3.14.7,DFS,0.0008696000004420057,0.9296875,103,True
685,10,DESKTOP-PCTS8TB,AMD Ryzen 7 7445HS w/ Radeon 740M Graphics,15.26,3.14.7,BFS,0.44418449999648146,1606.46875,34816,True
685,10,DESKTOP-PCTS8TB,AMD Ryzen 7 7445HS w/ Radeon 740M Graphics,15.26,3.14.7,DFS,0.0008493999921483919,0.9296875,103,True
686,10,DESKTOP-PCTS8TB,AMD Ryzen 7 7445HS w/ Radeon 740M Graphics,15.26,3.14.7,BFS,0.43947930001013447,1606.46875,34816,True
686,10,DESKTOP-PCTS8TB,AMD Ryzen 7 7445HS w/ Radeon 740M Graphics,15.26,3.14.7,DFS,0.0008368000126210973,0.9296875,103,True
687,10,DESKTOP-PCTS8TB,AMD Ryzen 7 7445HS w/ Radeon 740M Graphics,15.26,3.14.7,BFS,0.44087199999194127,1606.46875,34816,True
687,10,DESKTOP-PCTS8TB,AMD Ryzen 7 7445HS w/ Radeon 740M Graphics,15.26,3.14.7,DFS,0.0014051999896764755,0.9296875,103,True
688,10,DESKTOP-PCTS8TB,AMD Ryzen 7 7445HS w/ Radeon 740M Graphics,15.26,3.14.7,BFS,0.44582740000623744,1606.46875,34816,True
688,10,DESKTOP-PCTS8TB,AMD Ryzen 7 7445HS w/ Radeon 740M Graphics,15.26,3.14.7,DFS,0.0008453999907942489,0.9296875,103,True
689,10,DESKTOP-PCTS8TB,AMD Ryzen 7 7445HS w/ Radeon 740M Graphics,15.26,3.14.7,BFS,0.44309339999745134,1606.46875,34816,True
689,10,DESKTOP-PCTS8TB,AMD Ryzen 7 7445HS w/ Radeon 740M Graphics,15.26,3.14.7,DFS,0.0009575000003678724,0.9296875,103,True
690,10,DESKTOP-PCTS8TB,AMD Ryzen 7 7445HS w/ Radeon 740M Graphics,15.26,3.14.7,BFS,0.4417896999948425,1606.46875,34816,True
690,10,DESKTOP-PCTS8TB,AMD Ryzen 7 7445HS w/ Radeon 740M Graphics,15.26,3.14.7,DFS,0.0008471000037388876,0.9296875,103,True
691,10,DESKTOP-PCTS8TB,AMD Ryzen 7 7445HS w/ Radeon 740M Graphics,15.26,3.14.7,BFS,0.44947669999965,1606.46875,34816,True
691,10,DESKTOP-PCTS8TB,AMD Ryzen 7 7445HS w/ Radeon 740M Graphics,15.26,3.14.7,DFS,0.0008385999972233549,0.9296875,103,True
692,10,DESKTOP-PCTS8TB,AMD Ryzen 7 7445HS w/ Radeon 740M Graphics,15.26,3.14.7,BFS,0.604443700009142,1606.578125,34816,True
692,10,DESKTOP-PCTS8TB,AMD Ryzen 7 7445HS w/ Radeon 740M Graphics,15.26,3.14.7,DFS,0.0009338000090792775,0.9296875,103,True
693,10,DESKTOP-PCTS8TB,AMD Ryzen 7 7445HS w/ Radeon 740M Graphics,15.26,3.14.7,BFS,0.4315816000016639,1606.46875,34816,True
693,10,DESKTOP-PCTS8TB,AMD Ryzen 7 7445HS w/ Radeon 740M Graphics,15.26,3.14.7,DFS,0.0008400999940931797,0.9296875,103,True
694,10,DESKTOP-PCTS8TB,AMD Ryzen 7 7445HS w/ Radeon 740M Graphics,15.26,3.14.7,BFS,0.4466060000122525,1606.46875,34816,True
694,10,DESKTOP-PCTS8TB,AMD Ryzen 7 7445HS w/ Radeon 740M Graphics,15.26,3.14.7,DFS,0.0006272999889915809,0.9296875,103,True
695,10,DESKTOP-PCTS8TB,AMD Ryzen 7 7445HS w/ Radeon 740M Graphics,15.26,3.14.7,BFS,0.44568299999809824,1606.46875,34816,True
695,10,DESKTOP-PCTS8TB,AMD Ryzen 7 7445HS w/ Radeon 740M Graphics,15.26,3.14.7,DFS,0.0008629999938420951,0.9296875,103,True
696,10,DESKTOP-PCTS8TB,AMD Ryzen 7 7445HS w/ Radeon 740M Graphics,15.26,3.14.7,BFS,0.4520442999928491,1606.46875,34816,True
696,10,DESKTOP-PCTS8TB,AMD Ryzen 7 7445HS w/ Radeon 740M Graphics,15.26,3.14.7,DFS,0.0008326000097440556,0.9296875,103,True
697,10,DESKTOP-PCTS8TB,AMD Ryzen 7 7445HS w/ Radeon 740M Graphics,15.26,3.14.7,BFS,0.4394594000041252,1606.46875,34816,True
697,10,DESKTOP-PCTS8TB,AMD Ryzen 7 7445HS w/ Radeon 740M Graphics,15.26,3.14.7,DFS,0.000971800007391721,0.9296875,103,True
698,10,DESKTOP-PCTS8TB,AMD Ryzen 7 7445HS w/ Radeon 740M Graphics,15.26,3.14.7,BFS,0.4495565999968676,1606.46875,34816,True
698,10,DESKTOP-PCTS8TB,AMD Ryzen 7 7445HS w/ Radeon 740M Graphics,15.26,3.14.7,DFS,0.0008908000017981976,0.9296875,103,True
699,10,DESKTOP-PCTS8TB,AMD Ryzen 7 7445HS w/ Radeon 740M Graphics,15.26,3.14.7,BFS,0.4452424999908544,1606.46875,34816,True
699,10,DESKTOP-PCTS8TB,AMD Ryzen 7 7445HS w/ Radeon 740M Graphics,15.26,3.14.7,DFS,0.0006307000003289431,0.9296875,103,True
700,10,DESKTOP-PCTS8TB,AMD Ryzen 7 7445HS w/ Radeon 740M Graphics,15.26,3.14.7,BFS,0.4481104000005871,1606.46875,34816,True
700,10,DESKTOP-PCTS8TB,AMD Ryzen 7 7445HS w/ Radeon 740M Graphics,15.26,3.14.7,DFS,0.0008812000014586374,0.9296875,103,True
701,11,DESKTOP-PCTS8TB,AMD Ryzen 7 7445HS w/ Radeon 740M Graphics,15.26,3.14.7,BFS,2.503280700009782,8172.2265625,164247,True
701,11,DESKTOP-PCTS8TB,AMD Ryzen 7 7445HS w/ Radeon 740M Graphics,15.26,3.14.7,DFS,0.0005683999916072935,1.1953125,53,True
702,11,DESKTOP-PCTS8TB,AMD Ryzen 7 7445HS w/ Radeon 740M Graphics,15.26,3.14.7,BFS,3.2941033999959473,8172.3359375,164247,True
702,11,DESKTOP-PCTS8TB,AMD Ryzen 7 7445HS w/ Radeon 740M Graphics,15.26,3.14.7,DFS,0.0005418999935500324,1.1953125,53,True
703,11,DESKTOP-PCTS8TB,AMD Ryzen 7 7445HS w/ Radeon 740M Graphics,15.26,3.14.7,BFS,2.577290700006415,8172.2265625,164247,True
703,11,DESKTOP-PCTS8TB,AMD Ryzen 7 7445HS w/ Radeon 740M Graphics,15.26,3.14.7,DFS,0.0005516000092029572,1.1953125,53,True
704,11,DESKTOP-PCTS8TB,AMD Ryzen 7 7445HS w/ Radeon 740M Graphics,15.26,3.14.7,BFS,2.554841100005433,8172.2265625,164247,True
704,11,DESKTOP-PCTS8TB,AMD Ryzen 7 7445HS w/ Radeon 740M Graphics,15.26,3.14.7,DFS,0.00043620000360533595,1.1953125,53,True
705,11,DESKTOP-PCTS8TB,AMD Ryzen 7 7445HS w/ Radeon 740M Graphics,15.26,3.14.7,BFS,3.115924999990966,8172.3046875,164247,True
705,11,DESKTOP-PCTS8TB,AMD Ryzen 7 7445HS w/ Radeon 740M Graphics,15.26,3.14.7,DFS,0.00035509999725036323,1.1953125,53,True
706,11,DESKTOP-PCTS8TB,AMD Ryzen 7 7445HS w/ Radeon 740M Graphics,15.26,3.14.7,BFS,2.589090600013151,8172.2265625,164247,True
706,11,DESKTOP-PCTS8TB,AMD Ryzen 7 7445HS w/ Radeon 740M Graphics,15.26,3.14.7,DFS,0.0005797000048914924,1.1953125,53,True
707,11,DESKTOP-PCTS8TB,AMD Ryzen 7 7445HS w/ Radeon 740M Graphics,15.26,3.14.7,BFS,2.5869040000106907,8172.2265625,164247,True
707,11,DESKTOP-PCTS8TB,AMD Ryzen 7 7445HS w/ Radeon 740M Graphics,15.26,3.14.7,DFS,0.0006565000076079741,1.1953125,53,True
708,11,DESKTOP-PCTS8TB,AMD Ryzen 7 7445HS w/ Radeon 740M Graphics,15.26,3.14.7,BFS,3.3142287000082433,8172.3359375,164247,True
708,11,DESKTOP-PCTS8TB,AMD Ryzen 7 7445HS w/ Radeon 740M Graphics,15.26,3.14.7,DFS,0.0005491999909281731,1.1953125,53,True
709,11,DESKTOP-PCTS8TB,AMD Ryzen 7 7445HS w/ Radeon 740M Graphics,15.26,3.14.7,BFS,2.6376317999965977,8172.2265625,164247,True
709,11,DESKTOP-PCTS8TB,AMD Ryzen 7 7445HS w/ Radeon 740M Graphics,15.26,3.14.7,DFS,0.0005622999888146296,1.1953125,53,True
710,11,DESKTOP-PCTS8TB,AMD Ryzen 7 7445HS w/ Radeon 740M Graphics,15.26,3.14.7,BFS,2.543116300003021,8172.2265625,164247,True
710,11,DESKTOP-PCTS8TB,AMD Ryzen 7 7445HS w/ Radeon 740M Graphics,15.26,3.14.7,DFS,0.0005185999907553196,1.1953125,53,True
711,11,DESKTOP-PCTS8TB,AMD Ryzen 7 7445HS w/ Radeon 740M Graphics,15.26,3.14.7,BFS,2.940940900007263,8172.3046875,164247,True
711,11,DESKTOP-PCTS8TB,AMD Ryzen 7 7445HS w/ Radeon 740M Graphics,15.26,3.14.7,DFS,0.0005560000136028975,1.1953125,53,True
712,11,DESKTOP-PCTS8TB,AMD Ryzen 7 7445HS w/ Radeon 740M Graphics,15.26,3.14.7,BFS,2.559064100001706,8172.2265625,164247,True
712,11,DESKTOP-PCTS8TB,AMD Ryzen 7 7445HS w/ Radeon 740M Graphics,15.26,3.14.7,DFS,0.0005859000084456056,1.1953125,53,True
713,11,DESKTOP-PCTS8TB,AMD Ryzen 7 7445HS w/ Radeon 740M Graphics,15.26,3.14.7,BFS,2.5602747999946587,8172.2265625,164247,True
713,11,DESKTOP-PCTS8TB,AMD Ryzen 7 7445HS w/ Radeon 740M Graphics,15.26,3.14.7,DFS,0.0005749000119976699,1.1953125,53,True
714,11,DESKTOP-PCTS8TB,AMD Ryzen 7 7445HS w/ Radeon 740M Graphics,15.26,3.14.7,BFS,2.905705500001204,8172.3046875,164247,True
714,11,DESKTOP-PCTS8TB,AMD Ryzen 7 7445HS w/ Radeon 740M Graphics,15.26,3.14.7,DFS,0.00047050000284798443,1.1953125,53,True
715,11,DESKTOP-PCTS8TB,AMD Ryzen 7 7445HS w/ Radeon 740M Graphics,15.26,3.14.7,BFS,2.5725818000064464,8172.2265625,164247,True
715,11,DESKTOP-PCTS8TB,AMD Ryzen 7 7445HS w/ Radeon 740M Graphics,15.26,3.14.7,DFS,0.0005575999966822565,1.1953125,53,True
716,11,DESKTOP-PCTS8TB,AMD Ryzen 7 7445HS w/ Radeon 740M Graphics,15.26,3.14.7,BFS,2.5720538000023225,8172.2265625,164247,True
716,11,DESKTOP-PCTS8TB,AMD Ryzen 7 7445HS w/ Radeon 740M Graphics,15.26,3.14.7,DFS,0.0005619000003207475,1.1953125,53,True
717,11,DESKTOP-PCTS8TB,AMD Ryzen 7 7445HS w/ Radeon 740M Graphics,15.26,3.14.7,BFS,2.5868428999965545,8172.2265625,164247,True
717,11,DESKTOP-PCTS8TB,AMD Ryzen 7 7445HS w/ Radeon 740M Graphics,15.26,3.14.7,DFS,0.0008090000046649948,1.1953125,53,True
718,11,DESKTOP-PCTS8TB,AMD Ryzen 7 7445HS w/ Radeon 740M Graphics,15.26,3.14.7,BFS,3.040163300000131,8172.3046875,164247,True
718,11,DESKTOP-PCTS8TB,AMD Ryzen 7 7445HS w/ Radeon 740M Graphics,15.26,3.14.7,DFS,0.0005609000072581694,1.1953125,53,True
719,11,DESKTOP-PCTS8TB,AMD Ryzen 7 7445HS w/ Radeon 740M Graphics,15.26,3.14.7,BFS,2.534516999992775,8172.2265625,164247,True
719,11,DESKTOP-PCTS8TB,AMD Ryzen 7 7445HS w/ Radeon 740M Graphics,15.26,3.14.7,DFS,0.0005502999993041158,1.1953125,53,True
720,11,DESKTOP-PCTS8TB,AMD Ryzen 7 7445HS w/ Radeon 740M Graphics,15.26,3.14.7,BFS,2.560336999988067,8172.2265625,164247,True
720,11,DESKTOP-PCTS8TB,AMD Ryzen 7 7445HS w/ Radeon 740M Graphics,15.26,3.14.7,DFS,0.0009465999901294708,1.1953125,53,True
721,11,DESKTOP-PCTS8TB,AMD Ryzen 7 7445HS w/ Radeon 740M Graphics,15.26,3.14.7,BFS,2.5185891000000993,8172.3046875,164247,True
721,11,DESKTOP-PCTS8TB,AMD Ryzen 7 7445HS w/ Radeon 740M Graphics,15.26,3.14.7,DFS,0.0003513999981805682,1.1953125,53,True
722,11,DESKTOP-PCTS8TB,AMD Ryzen 7 7445HS w/ Radeon 740M Graphics,15.26,3.14.7,BFS,1.7700674000079744,8172.2265625,164247,True
722,11,DESKTOP-PCTS8TB,AMD Ryzen 7 7445HS w/ Radeon 740M Graphics,15.26,3.14.7,DFS,0.0003728000010596588,1.1953125,53,True
723,11,DESKTOP-PCTS8TB,AMD Ryzen 7 7445HS w/ Radeon 740M Graphics,15.26,3.14.7,BFS,2.4594026999984635,8172.2265625,164247,True
723,11,DESKTOP-PCTS8TB,AMD Ryzen 7 7445HS w/ Radeon 740M Graphics,15.26,3.14.7,DFS,0.0005474000063259155,1.1953125,53,True
724,11,DESKTOP-PCTS8TB,AMD Ryzen 7 7445HS w/ Radeon 740M Graphics,15.26,3.14.7,BFS,2.991673200012883,8172.3046875,164247,True
724,11,DESKTOP-PCTS8TB,AMD Ryzen 7 7445HS w/ Radeon 740M Graphics,15.26,3.14.7,DFS,0.0006132999988039955,1.1953125,53,True
725,11,DESKTOP-PCTS8TB,AMD Ryzen 7 7445HS w/ Radeon 740M Graphics,15.26,3.14.7,BFS,2.556464799999958,8172.2265625,164247,True
725,11,DESKTOP-PCTS8TB,AMD Ryzen 7 7445HS w/ Radeon 740M Graphics,15.26,3.14.7,DFS,0.0005097999965073541,1.1953125,53,True
726,11,DESKTOP-PCTS8TB,AMD Ryzen 7 7445HS w/ Radeon 740M Graphics,15.26,3.14.7,BFS,2.5436369000090053,8172.2265625,164247,True
726,11,DESKTOP-PCTS8TB,AMD Ryzen 7 7445HS w/ Radeon 740M Graphics,15.26,3.14.7,DFS,0.0005586000042967498,1.1953125,53,True
727,11,DESKTOP-PCTS8TB,AMD Ryzen 7 7445HS w/ Radeon 740M Graphics,15.26,3.14.7,BFS,3.293455700011691,8172.390625,164247,True
727,11,DESKTOP-PCTS8TB,AMD Ryzen 7 7445HS w/ Radeon 740M Graphics,15.26,3.14.7,DFS,0.0003558000025805086,1.1953125,53,True
728,11,DESKTOP-PCTS8TB,AMD Ryzen 7 7445HS w/ Radeon 740M Graphics,15.26,3.14.7,BFS,2.530618000004324,8172.2265625,164247,True
728,11,DESKTOP-PCTS8TB,AMD Ryzen 7 7445HS w/ Radeon 740M Graphics,15.26,3.14.7,DFS,0.0005736000020988286,1.1953125,53,True
729,11,DESKTOP-PCTS8TB,AMD Ryzen 7 7445HS w/ Radeon 740M Graphics,15.26,3.14.7,BFS,2.531977200007532,8172.2265625,164247,True
729,11,DESKTOP-PCTS8TB,AMD Ryzen 7 7445HS w/ Radeon 740M Graphics,15.26,3.14.7,DFS,0.0003728000010596588,1.1953125,53,True
730,11,DESKTOP-PCTS8TB,AMD Ryzen 7 7445HS w/ Radeon 740M Graphics,15.26,3.14.7,BFS,3.2931102000002284,8172.3359375,164247,True
730,11,DESKTOP-PCTS8TB,AMD Ryzen 7 7445HS w/ Radeon 740M Graphics,15.26,3.14.7,DFS,0.0004785000055562705,1.1953125,53,True
731,11,DESKTOP-PCTS8TB,AMD Ryzen 7 7445HS w/ Radeon 740M Graphics,15.26,3.14.7,BFS,2.541638700000476,8172.2265625,164247,True
731,11,DESKTOP-PCTS8TB,AMD Ryzen 7 7445HS w/ Radeon 740M Graphics,15.26,3.14.7,DFS,0.0005469999887282029,1.1953125,53,True
732,11,DESKTOP-PCTS8TB,AMD Ryzen 7 7445HS w/ Radeon 740M Graphics,15.26,3.14.7,BFS,2.5452943999989657,8172.2265625,164247,True
732,11,DESKTOP-PCTS8TB,AMD Ryzen 7 7445HS w/ Radeon 740M Graphics,15.26,3.14.7,DFS,0.0005520999984582886,1.1953125,53,True
733,11,DESKTOP-PCTS8TB,AMD Ryzen 7 7445HS w/ Radeon 740M Graphics,15.26,3.14.7,BFS,2.9487287999945693,8172.3046875,164247,True
733,11,DESKTOP-PCTS8TB,AMD Ryzen 7 7445HS w/ Radeon 740M Graphics,15.26,3.14.7,DFS,0.0005490000039571896,1.1953125,53,True
734,11,DESKTOP-PCTS8TB,AMD Ryzen 7 7445HS w/ Radeon 740M Graphics,15.26,3.14.7,BFS,2.541279199998826,8172.2265625,164247,True
734,11,DESKTOP-PCTS8TB,AMD Ryzen 7 7445HS w/ Radeon 740M Graphics,15.26,3.14.7,DFS,0.0011616999981924891,1.1953125,53,True
735,11,DESKTOP-PCTS8TB,AMD Ryzen 7 7445HS w/ Radeon 740M Graphics,15.26,3.14.7,BFS,2.552014299988514,8172.2265625,164247,True
735,11,DESKTOP-PCTS8TB,AMD Ryzen 7 7445HS w/ Radeon 740M Graphics,15.26,3.14.7,DFS,0.0005388999998103827,1.1953125,53,True
736,11,DESKTOP-PCTS8TB,AMD Ryzen 7 7445HS w/ Radeon 740M Graphics,15.26,3.14.7,BFS,3.2635139000049094,8172.3359375,164247,True
736,11,DESKTOP-PCTS8TB,AMD Ryzen 7 7445HS w/ Radeon 740M Graphics,15.26,3.14.7,DFS,0.0005776000034529716,1.1953125,53,True
737,11,DESKTOP-PCTS8TB,AMD Ryzen 7 7445HS w/ Radeon 740M Graphics,15.26,3.14.7,BFS,2.5088423999986844,8172.2265625,164247,True
737,11,DESKTOP-PCTS8TB,AMD Ryzen 7 7445HS w/ Radeon 740M Graphics,15.26,3.14.7,DFS,0.000708499996108003,1.1953125,53,True
738,11,DESKTOP-PCTS8TB,AMD Ryzen 7 7445HS w/ Radeon 740M Graphics,15.26,3.14.7,BFS,2.57064309999987,8172.2265625,164247,True
738,11,DESKTOP-PCTS8TB,AMD Ryzen 7 7445HS w/ Radeon 740M Graphics,15.26,3.14.7,DFS,0.0005732999998144805,1.1953125,53,True
739,11,DESKTOP-PCTS8TB,AMD Ryzen 7 7445HS w/ Radeon 740M Graphics,15.26,3.14.7,BFS,2.961351800011471,8172.3046875,164247,True
739,11,DESKTOP-PCTS8TB,AMD Ryzen 7 7445HS w/ Radeon 740M Graphics,15.26,3.14.7,DFS,0.0005319999909261242,1.1953125,53,True
740,11,DESKTOP-PCTS8TB,AMD Ryzen 7 7445HS w/ Radeon 740M Graphics,15.26,3.14.7,BFS,2.5544561999995494,8172.2265625,164247,True
740,11,DESKTOP-PCTS8TB,AMD Ryzen 7 7445HS w/ Radeon 740M Graphics,15.26,3.14.7,DFS,0.0005869000015081838,1.1953125,53,True
741,11,DESKTOP-PCTS8TB,AMD Ryzen 7 7445HS w/ Radeon 740M Graphics,15.26,3.14.7,BFS,2.5622589999984484,8172.2265625,164247,True
741,11,DESKTOP-PCTS8TB,AMD Ryzen 7 7445HS w/ Radeon 740M Graphics,15.26,3.14.7,DFS,0.0007836000004317611,1.1953125,53,True
742,11,DESKTOP-PCTS8TB,AMD Ryzen 7 7445HS w/ Radeon 740M Graphics,15.26,3.14.7,BFS,2.92537209999864,8172.3046875,164247,True
742,11,DESKTOP-PCTS8TB,AMD Ryzen 7 7445HS w/ Radeon 740M Graphics,15.26,3.14.7,DFS,0.0007344999903580174,1.1953125,53,True
743,11,DESKTOP-PCTS8TB,AMD Ryzen 7 7445HS w/ Radeon 740M Graphics,15.26,3.14.7,BFS,2.5497044999938225,8172.2265625,164247,True
743,11,DESKTOP-PCTS8TB,AMD Ryzen 7 7445HS w/ Radeon 740M Graphics,15.26,3.14.7,DFS,0.0005565999890677631,1.1953125,53,True
744,11,DESKTOP-PCTS8TB,AMD Ryzen 7 7445HS w/ Radeon 740M Graphics,15.26,3.14.7,BFS,2.558881199991447,8172.2265625,164247,True
744,11,DESKTOP-PCTS8TB,AMD Ryzen 7 7445HS w/ Radeon 740M Graphics,15.26,3.14.7,DFS,0.0005761999927926809,1.1953125,53,True
745,11,DESKTOP-PCTS8TB,AMD Ryzen 7 7445HS w/ Radeon 740M Graphics,15.26,3.14.7,BFS,3.2340619000024162,8172.3359375,164247,True
745,11,DESKTOP-PCTS8TB,AMD Ryzen 7 7445HS w/ Radeon 740M Graphics,15.26,3.14.7,DFS,0.0005973999941488728,1.1953125,53,True
746,11,DESKTOP-PCTS8TB,AMD Ryzen 7 7445HS w/ Radeon 740M Graphics,15.26,3.14.7,BFS,2.5532336000032956,8172.2265625,164247,True
746,11,DESKTOP-PCTS8TB,AMD Ryzen 7 7445HS w/ Radeon 740M Graphics,15.26,3.14.7,DFS,0.0005779999919468537,1.1953125,53,True
747,11,DESKTOP-PCTS8TB,AMD Ryzen 7 7445HS w/ Radeon 740M Graphics,15.26,3.14.7,BFS,2.5462775000050897,8172.2265625,164247,True
747,11,DESKTOP-PCTS8TB,AMD Ryzen 7 7445HS w/ Radeon 740M Graphics,15.26,3.14.7,DFS,0.0006267999997362494,1.1953125,53,True
748,11,DESKTOP-PCTS8TB,AMD Ryzen 7 7445HS w/ Radeon 740M Graphics,15.26,3.14.7,BFS,3.1556651999999303,8172.3359375,164247,True
748,11,DESKTOP-PCTS8TB,AMD Ryzen 7 7445HS w/ Radeon 740M Graphics,15.26,3.14.7,DFS,0.0005512000061571598,1.1953125,53,True
749,11,DESKTOP-PCTS8TB,AMD Ryzen 7 7445HS w/ Radeon 740M Graphics,15.26,3.14.7,BFS,2.538784799995483,8172.2265625,164247,True
749,11,DESKTOP-PCTS8TB,AMD Ryzen 7 7445HS w/ Radeon 740M Graphics,15.26,3.14.7,DFS,0.0005482000124175102,1.1953125,53,True
750,11,DESKTOP-PCTS8TB,AMD Ryzen 7 7445HS w/ Radeon 740M Graphics,15.26,3.14.7,BFS,2.55079829999886,8172.2265625,164247,True
750,11,DESKTOP-PCTS8TB,AMD Ryzen 7 7445HS w/ Radeon 740M Graphics,15.26,3.14.7,DFS,0.000611600000411272,1.1953125,53,True
751,12,DESKTOP-PCTS8TB,AMD Ryzen 7 7445HS w/ Radeon 740M Graphics,15.26,3.14.7,BFS,19.847282599992468,43483.203125,841990,True
751,12,DESKTOP-PCTS8TB,AMD Ryzen 7 7445HS w/ Radeon 740M Graphics,15.26,3.14.7,DFS,0.002816099993651733,1.5234375,262,True
752,12,DESKTOP-PCTS8TB,AMD Ryzen 7 7445HS w/ Radeon 740M Graphics,15.26,3.14.7,BFS,20.063586999996915,43483.203125,841990,True
752,12,DESKTOP-PCTS8TB,AMD Ryzen 7 7445HS w/ Radeon 740M Graphics,15.26,3.14.7,DFS,0.0029565000004367903,1.5234375,262,True
753,12,DESKTOP-PCTS8TB,AMD Ryzen 7 7445HS w/ Radeon 740M Graphics,15.26,3.14.7,BFS,17.795508399998653,43483.203125,841990,True
753,12,DESKTOP-PCTS8TB,AMD Ryzen 7 7445HS w/ Radeon 740M Graphics,15.26,3.14.7,DFS,0.0029799000039929524,1.5234375,262,True
754,12,DESKTOP-PCTS8TB,AMD Ryzen 7 7445HS w/ Radeon 740M Graphics,15.26,3.14.7,BFS,19.53670320000674,43483.203125,841990,True
754,12,DESKTOP-PCTS8TB,AMD Ryzen 7 7445HS w/ Radeon 740M Graphics,15.26,3.14.7,DFS,0.002836100000422448,1.5234375,262,True
755,12,DESKTOP-PCTS8TB,AMD Ryzen 7 7445HS w/ Radeon 740M Graphics,15.26,3.14.7,BFS,19.59334389999276,43483.203125,841990,True
755,12,DESKTOP-PCTS8TB,AMD Ryzen 7 7445HS w/ Radeon 740M Graphics,15.26,3.14.7,DFS,0.003275199997005984,1.5234375,262,True
756,12,DESKTOP-PCTS8TB,AMD Ryzen 7 7445HS w/ Radeon 740M Graphics,15.26,3.14.7,BFS,22.131053999997675,43483.203125,841990,True
756,12,DESKTOP-PCTS8TB,AMD Ryzen 7 7445HS w/ Radeon 740M Graphics,15.26,3.14.7,DFS,0.002849299999070354,1.5234375,262,True
757,12,DESKTOP-PCTS8TB,AMD Ryzen 7 7445HS w/ Radeon 740M Graphics,15.26,3.14.7,BFS,20.388512300007278,43483.203125,841990,True
757,12,DESKTOP-PCTS8TB,AMD Ryzen 7 7445HS w/ Radeon 740M Graphics,15.26,3.14.7,DFS,0.0058723999973153695,1.5234375,262,True
758,12,DESKTOP-PCTS8TB,AMD Ryzen 7 7445HS w/ Radeon 740M Graphics,15.26,3.14.7,BFS,20.211275299996487,43483.203125,841990,True
758,12,DESKTOP-PCTS8TB,AMD Ryzen 7 7445HS w/ Radeon 740M Graphics,15.26,3.14.7,DFS,0.0039121000008890405,1.5234375,262,True
759,12,DESKTOP-PCTS8TB,AMD Ryzen 7 7445HS w/ Radeon 740M Graphics,15.26,3.14.7,BFS,20.472908499999903,43483.203125,841990,True
759,12,DESKTOP-PCTS8TB,AMD Ryzen 7 7445HS w/ Radeon 740M Graphics,15.26,3.14.7,DFS,0.003361299997777678,1.5234375,262,True
760,12,DESKTOP-PCTS8TB,AMD Ryzen 7 7445HS w/ Radeon 740M Graphics,15.26,3.14.7,BFS,19.75384330000088,43483.203125,841990,True
760,12,DESKTOP-PCTS8TB,AMD Ryzen 7 7445HS w/ Radeon 740M Graphics,15.26,3.14.7,DFS,0.0029876000044168904,1.5234375,262,True
761,12,DESKTOP-PCTS8TB,AMD Ryzen 7 7445HS w/ Radeon 740M Graphics,15.26,3.14.7,BFS,19.377886600006605,43483.203125,841990,True
761,12,DESKTOP-PCTS8TB,AMD Ryzen 7 7445HS w/ Radeon 740M Graphics,15.26,3.14.7,DFS,0.004605399997672066,1.5234375,262,True
762,12,DESKTOP-PCTS8TB,AMD Ryzen 7 7445HS w/ Radeon 740M Graphics,15.26,3.14.7,BFS,20.142977199997404,43483.203125,841990,True
762,12,DESKTOP-PCTS8TB,AMD Ryzen 7 7445HS w/ Radeon 740M Graphics,15.26,3.14.7,DFS,0.004116799987968989,1.5234375,262,True
763,12,DESKTOP-PCTS8TB,AMD Ryzen 7 7445HS w/ Radeon 740M Graphics,15.26,3.14.7,BFS,20.234291899992968,43483.203125,841990,True
763,12,DESKTOP-PCTS8TB,AMD Ryzen 7 7445HS w/ Radeon 740M Graphics,15.26,3.14.7,DFS,0.002990900000440888,1.5234375,262,True
764,12,DESKTOP-PCTS8TB,AMD Ryzen 7 7445HS w/ Radeon 740M Graphics,15.26,3.14.7,BFS,19.34592479999992,43483.203125,841990,True
764,12,DESKTOP-PCTS8TB,AMD Ryzen 7 7445HS w/ Radeon 740M Graphics,15.26,3.14.7,DFS,0.003043500008061528,1.5234375,262,True
765,12,DESKTOP-PCTS8TB,AMD Ryzen 7 7445HS w/ Radeon 740M Graphics,15.26,3.14.7,BFS,19.834590500002378,43483.203125,841990,True
765,12,DESKTOP-PCTS8TB,AMD Ryzen 7 7445HS w/ Radeon 740M Graphics,15.26,3.14.7,DFS,0.0035314999986439943,1.5234375,262,True
766,12,DESKTOP-PCTS8TB,AMD Ryzen 7 7445HS w/ Radeon 740M Graphics,15.26,3.14.7,BFS,19.72937849999289,43483.203125,841990,True
766,12,DESKTOP-PCTS8TB,AMD Ryzen 7 7445HS w/ Radeon 740M Graphics,15.26,3.14.7,DFS,0.002926899993326515,1.5234375,262,True
767,12,DESKTOP-PCTS8TB,AMD Ryzen 7 7445HS w/ Radeon 740M Graphics,15.26,3.14.7,BFS,20.224351700002444,43483.203125,841990,True
767,12,DESKTOP-PCTS8TB,AMD Ryzen 7 7445HS w/ Radeon 740M Graphics,15.26,3.14.7,DFS,0.001994399994146079,1.5234375,262,True
768,12,DESKTOP-PCTS8TB,AMD Ryzen 7 7445HS w/ Radeon 740M Graphics,15.26,3.14.7,BFS,16.66865940000571,43483.203125,841990,True
768,12,DESKTOP-PCTS8TB,AMD Ryzen 7 7445HS w/ Radeon 740M Graphics,15.26,3.14.7,DFS,0.0032045999978436157,1.5234375,262,True
769,12,DESKTOP-PCTS8TB,AMD Ryzen 7 7445HS w/ Radeon 740M Graphics,15.26,3.14.7,BFS,20.174162199997227,43483.203125,841990,True
769,12,DESKTOP-PCTS8TB,AMD Ryzen 7 7445HS w/ Radeon 740M Graphics,15.26,3.14.7,DFS,0.004037300008349121,1.5234375,262,True
770,12,DESKTOP-PCTS8TB,AMD Ryzen 7 7445HS w/ Radeon 740M Graphics,15.26,3.14.7,BFS,19.77035330000217,43483.203125,841990,True
770,12,DESKTOP-PCTS8TB,AMD Ryzen 7 7445HS w/ Radeon 740M Graphics,15.26,3.14.7,DFS,0.002369800000451505,1.5234375,262,True
771,13,DESKTOP-PCTS8TB,AMD Ryzen 7 7445HS w/ Radeon 740M Graphics,15.26,3.14.7,BFS,126.67440570000326,234769.9375,4601179,True
771,13,DESKTOP-PCTS8TB,AMD Ryzen 7 7445HS w/ Radeon 740M Graphics,15.26,3.14.7,DFS,0.0019440999894868582,1.71875,112,True
772,13,DESKTOP-PCTS8TB,AMD Ryzen 7 7445HS w/ Radeon 740M Graphics,15.26,3.14.7,BFS,118.20133699999133,234769.9375,4601179,True
772,13,DESKTOP-PCTS8TB,AMD Ryzen 7 7445HS w/ Radeon 740M Graphics,15.26,3.14.7,DFS,0.0016712999931769446,1.71875,112,True
773,13,DESKTOP-PCTS8TB,AMD Ryzen 7 7445HS w/ Radeon 740M Graphics,15.26,3.14.7,BFS,129.2226762999926,234769.9375,4601179,True
773,13,DESKTOP-PCTS8TB,AMD Ryzen 7 7445HS w/ Radeon 740M Graphics,15.26,3.14.7,DFS,0.0015657000039936975,1.71875,112,True
774,13,DESKTOP-PCTS8TB,AMD Ryzen 7 7445HS w/ Radeon 740M Graphics,15.26,3.14.7,BFS,127.11291899999196,234769.9375,4601179,True
774,13,DESKTOP-PCTS8TB,AMD Ryzen 7 7445HS w/ Radeon 740M Graphics,15.26,3.14.7,DFS,0.0009189999982481822,1.71875,112,True
775,13,DESKTOP-PCTS8TB,AMD Ryzen 7 7445HS w/ Radeon 740M Graphics,15.26,3.14.7,BFS,127.86434709999594,234769.9375,4601179,True
775,13,DESKTOP-PCTS8TB,AMD Ryzen 7 7445HS w/ Radeon 740M Graphics,15.26,3.14.7,DFS,0.0014872999890940264,1.71875,112,True
776,13,DESKTOP-PCTS8TB,AMD Ryzen 7 7445HS w/ Radeon 740M Graphics,15.26,3.14.7,BFS,127.96631789999083,234769.9375,4601179,True
776,13,DESKTOP-PCTS8TB,AMD Ryzen 7 7445HS w/ Radeon 740M Graphics,15.26,3.14.7,DFS,0.0014631999947596341,1.71875,112,True
777,13,DESKTOP-PCTS8TB,AMD Ryzen 7 7445HS w/ Radeon 740M Graphics,15.26,3.14.7,BFS,121.7876072999934,234769.9375,4601179,True
777,13,DESKTOP-PCTS8TB,AMD Ryzen 7 7445HS w/ Radeon 740M Graphics,15.26,3.14.7,DFS,0.0009236000041710213,1.71875,112,True
778,13,DESKTOP-PCTS8TB,AMD Ryzen 7 7445HS w/ Radeon 740M Graphics,15.26,3.14.7,BFS,100.49459699999716,234769.9375,4601179,True
778,13,DESKTOP-PCTS8TB,AMD Ryzen 7 7445HS w/ Radeon 740M Graphics,15.26,3.14.7,DFS,0.0007769999938318506,1.71875,112,True
779,13,DESKTOP-PCTS8TB,AMD Ryzen 7 7445HS w/ Radeon 740M Graphics,15.26,3.14.7,BFS,69.49445220000052,234769.9375,4601179,True
779,13,DESKTOP-PCTS8TB,AMD Ryzen 7 7445HS w/ Radeon 740M Graphics,15.26,3.14.7,DFS,0.0007523999956902117,1.71875,112,True
780,13,DESKTOP-PCTS8TB,AMD Ryzen 7 7445HS w/ Radeon 740M Graphics,15.26,3.14.7,BFS,71.07589770000777,234769.9375,4601179,True
780,13,DESKTOP-PCTS8TB,AMD Ryzen 7 7445HS w/ Radeon 740M Graphics,15.26,3.14.7,DFS,0.0007499000057578087,1.71875,112,True
